Id_pagina_ex;palavras;Qtd
16;–;12
16;Episódio;11
16;1;5
16;2;3
16;13;3
16;Top;2
16;100;2
16;Dublados;2
16;Legendado10:38;2
16;Shouxi;2
16;Yu;2
16;Ling;2
16;Shi;2
16;3;2
16;no;2
16;Legendado23:54;2
16;Shadowverse;2
16;Populares;1
16;#;1
16;A;1
16;B;1
16;C;1
16;D;1
16;E;1
16;F;1
16;G;1
16;H;1
16;I;1
16;J;1
16;K;1
16;L;1
16;M;1
16;N;1
16;O;1
16;P;1
16;Q;1
16;R;1
16;S;1
16;T;1
16;U;1
16;V;1
16;W;1
16;X;1
16;Y;1
16;Z;1
16;Calendário;1
16;Categorias;1
16;Contato;1
16;Histórico;1
16;Legendados;1
16;Lista;1
16;de;1
16;Animes;1
16;+;1
16;Legendado7:31;1
16;Wan;1
16;Jie;1
16;Chen;1
16;Qiu;1
16;17;1
16;Legendado24:02;1
16;Muhyo;1
16;to;1
16;Rouji;1
16;Mahouritsu;1
16;Soudan;1
16;Jimusho;1
16;Black;1
16;Clover;1
16;133;1
16;Legendado3:00;1
16;Umayon;1
16;Legendado23:43;1
16;Ova;1
16;&;1
16;Legendado22:52;1
16;Great;1
16;Pretender;1
16;10;1
16;Legendado23:50;1
16;Fruits;1
16;Basket;1
16;2nd;1
16;Season;1
16;14;1
16;Legendado23:28;1
16;The;1
16;God;1
16;of;1
16;High;1
16;School;1
16;Legendado25:47;1
16;Asatir:;1
16;Mirai;1
16;Mukashi;1
16;Banashi;1
16;Próximo;1
16;»;1
16;Twitter;1
16;Pinterest;1
16;Reddit;1
16;Instagram;1
15;Episode;44
15;no;29
15;of;18
15;-;17
15;Chapter;14
15;Comedy;14
15;The;11
15;School;10
15;Season;8
15;12;7
15;Anime;6
15;13;6
15;Slice;6
15;Life;6
15;Seinen;6
15;Historical;6
15;to;5
15;(TV);5
15;2nd;5
15;God;5
15;High;5
15;One;5
15;24;5
15;Latest;4
15;Umayon;4
15;1;4
15;Olympia;4
15;Kyklos;4
15;Misfit;4
15;Demon;4
15;King;4
15;Academy;4
15;Lapis;4
15;Re:LiGHTs;4
15;Naruto;4
15;Martial;4
15;Sports;4
15;Fantasy;4
15;Action;4
15;Sci-Fi;4
15;Adventure;4
15;Supernatural;4
15;wa;4
15;25;4
15;the;4
15;Black;3
15;Clover;3
15;Pokemon;3
15;Boruto:;3
15;Next;3
15;Generations;3
15;Magic;3
15;Gal;3
15;Romance;3
15;Isekai;3
15;Ongoing;2
15;List;2
15;Browse;2
15;by;2
15;Genre;2
15;Search;2
15;Episodes;2
15;Popular;2
15;Muhyo;2
15;Rouji;2
15;Mahouritsu;2
15;Soudan;2
15;Jimusho;2
15;133;2
15;Shadowverse;2
15;Fruits;2
15;Basket;2
15;14;2
15;7;2
15;(2019);2
15;26;2
15;Healin;2
15;Good;2
15;Precure;2
15;155;2
15;Maou;2
15;Shingeki;2
15;Kyojin;2
15;110;2
15;Goblin;2
15;Arts;2
15;Music;2
15;Tomica;2
15;Kizuna;2
15;Gattai:;2
15;Earth;2
15;Granner;2
15;Mecha;2
15;Kitsutsuki;2
15;Tanteidokoro;2
15;Mystery;2
15;Kyouryuu;2
15;Kaguya-sama;2
15;Kokurasetai?:;2
15;Tensai-tachi;2
15;Renai;2
15;Zunousen;2
15;Psychological;2
15;Zashiki;2
15;Warashi;2
15;Tatami-chanThe;2
15;House;2
15;Spirit;2
15;Tatami-chan;2
15;Horror;2
15;Appare-Ranman!;2
15;Shokugeki;2
15;Souma:;2
15;Gou;2
15;SaraFood;2
15;Wars!;2
15;Fifth;2
15;Plate;2
15;Ecchi;2
15;Shounen;2
15;Piece;2
15;3;2
15;Boku;2
15;Hero;2
15;Academia;2
15;wo;2
15;II;2
15;Sword;2
15;Art;2
15;Online:;2
15;Alicization;2
15;in;2
15;Click;2
15;for;2
15;More;2
15;Go;1
15;To;1
15;Top;1
15;Summer;1
15;2020;1
15;Login;1
15;Register;1
15;Getsuyoubi;1
15;Tomodachi;1
15;6;1
15;City;1
15;Hunter;1
15;176;1
15;Otome;1
15;Youkai;1
15;Zakuro;1
15;77;1
15;76;1
15;Kuro;1
15;19;1
15;130;1
15;Star;1
15;Technique;1
15;359;1
15;A;1
15;Returner's;1
15;Should;1
15;Be;1
15;Special;1
15;Jagaaaaaan;1
15;Nicoichi;1
15;36;1
15;Slayer:;1
15;Side;1
15;Story;1
15;Year;1
15;42;1
15;Peak;1
15;599;1
15;598;1
15;931;1
15;Tensei;1
15;shitara;1
15;Slime;1
15;Datta;1
15;Ken;1
15;Tate;1
15;Yuusha;1
15;Nariagari;1
15;Kimetsu;1
15;Yaiba;1
15;Punch;1
15;Man;1
15;OVA;1
15;Shippuuden;1
15;500;1
15;Slayer;1
15;Dororo;1
15;Arifureta;1
15;Shokugyou;1
15;de;1
15;Sekai;1
15;Saikyou;1
15;Dr.;1
15;Stone;1
15;3rd;1
15;Dungeon;1
15;ni;1
15;Deai;1
15;Motomeru;1
15;Machigatteiru;1
15;Darou;1
15;ka;1
15;Kenja;1
15;Mago;1
15;Fairy;1
15;Tail:;1
15;Final;1
15;Series;1
15;51;1
15;Yakusoku;1
15;Neverland;1
15;4th;1
15;Part;1
15;2;1
15;10;1
15;Bleach;1
15;366;1
15;Overlord;1
15;III;1
15;Mob;1
15;Psycho;1
15;100;1
15;Vinland;1
15;Saga;1
15;Seishun;1
15;Buta;1
15;Yarou;1
15;Bunny;1
15;Girl;1
15;Senpai;1
15;Yume;1
15;Minai;1
15;Enen;1
15;Shouboutai;1
15;23;1
15;Shoukan;1
15;Shoujo;1
15;Dorei;1
15;Majutsu;1
15;Darling;1
15;FranXX;1
15;War;1
15;Underworld;1
15;Cheat;1
15;Magician;1
15;Animefreak;1
15;FAQ;1
15;Legal;1
15;Disclaimer,;1
15;Privacy;1
15;&;1
15;DMCA;1
15;Contact;1
15;Us;1
15;Saikano:;1
15;Another;1
15;Love;1
15;Song;1
15;XY:;1
15;Mega;1
15;Evolution;1
15;:;1
15;Arabasta;1
15;Desert;1
15;Princess;1
15;and;1
15;Pirates;1
15;Mangirl!;1
15;Three;1
15;Kingdoms;1
15;Kamisama;1
15;Dolls;1
15;True;1
15;Tears;1
15;Nobunagun;1
15;Koufuku;1
15;Graffiti;1
15;Wagamama;1
15;Spec;1
15;Hajimete;1
15;Tonari;1
15;Kyuuketsuki-san;1
15;Darwin's;1
15;Game;1
15;Naisho;1
15;Tsubomi;1
15;Grisaia;1
15;Meikyuu;1
15;Piece:;1
15;Chopper;1
15;Plus;1
15;Bloom;1
15;Winter,;1
15;Miracle;1
15;Sakura;1
15;Mondaiji-tachi;1
15;ga;1
15;kara;1
15;Kuru;1
15;Sou;1
15;Desu;1
15;yo?;1
15;Dragon;1
15;Drive;1
15;Kill;1
15;Me;1
15;Baby;1
15;Tokyo;1
15;Magnitude;1
15;8.0;1
14;–;40
14;Episodio;20
14;Legendado24:00;13
14;AKB0048;13
14;Legendado23:45;7
14;Akb0048;7
14;Next;7
14;Stage;7
14;O;5
14;de;5
14;Filmes;5
14;HD;5
14;Online;4
14;da;3
14;Animes;2
14;A;2
14;13;2
14;Seus;2
14;12;2
14;11;2
14;10;2
14;9;2
14;8;2
14;o;2
14;7;2
14;3;2
14;2;2
14;1;2
14;Mega;2
14;Categorias;1
14;Contato;1
14;Dublados;1
14;Legendados;1
14;#;1
14;0-9;1
14;B;1
14;C;1
14;D;1
14;E;1
14;F;1
14;G;1
14;H;1
14;I;1
14;J;1
14;K;1
14;L;1
14;M;1
14;N;1
14;P;1
14;Q;1
14;R;1
14;S;1
14;T;1
14;U;1
14;V;1
14;W;1
14;X;1
14;Y;1
14;Z;1
14;+;1
14;Pelos;1
14;Sorrisos;1
14;Ídolos;1
14;que;1
14;Cantam;1
14;Amor;1
14;Retorno;1
14;a;1
14;Lancastar;1
14;Milagre;1
14;das;1
14;Ondas;1
14;Relação;1
14;Emoção;1
14;quem;1
14;Nome;1
14;Pertence?;1
14;Kirara;1
14;Sucessão;1
14;6;1
14;Estréia;1
14;Apertos;1
14;Mão;1
14;5;1
14;Dia;1
14;Folga;1
14;4;1
14;Não;1
14;Desapontarei;1
14;os;1
14;Esforços;1
14;Seleção;1
14;Poeira;1
14;Estelar;1
14;As;1
14;Luzes;1
14;Escolhidas;1
14;Sonho;1
14;Eterno;1
14;No;1
14;Name;1
14;Caminho;1
14;para;1
14;Teatro;1
14;Além;1
14;Porta;1
14;Paraíso;1
14;Gritante;1
14;Traição;1
14;Azul;1
14;Batalha;1
14;por;1
14;Akibastar;1
14;Revolução;1
14;Mimori;1
14;Próximo;1
14;Lançamentos;1
14;Series;1
14;TopFlixs;1
14;TopFlix;1
14;Rede;1
14;Canais;1
14;Vizer;1
14;NetCine;1
13;Capítulo;45
13;no;13
13;the;11
13;Scans;9
13;and;9
13;e;9
13;Scanlator;8
13;of;8
13;de;8
13;Neox;7
13;is;7
13;do;5
13;o;5
13;Os;4
13;The;4
13;a;4
13;conteúdo;4
13;Mangás;3
13;...;3
13;Batutinhas;3
13;Union;3
13;para;3
13;sua;3
13;for;3
13;aqui;3
13;que;3
13;not;3
13;our;3
13;content;3
13;Boku;2
13;Hero;2
13;wa;2
13;Kimetsu;2
13;Yaiba;2
13;03;2
13;02;2
13;01;2
13;05;2
13;Anime;2
13;12;2
13;Slave;2
13;por;2
13;Saturn;2
13;ga;2
13;Ulquiorra;2
13;One;2
13;#131;2
13;#110;2
13;#276;2
13;#281;2
13;#129;2
13;#983;2
13;#255;2
13;#300;2
13;#318;2
13;#205;2
13;Ver;2
13;todos;2
13;»;2
13;Política;2
13;Privacidade;2
13;Copyright;2
13;é;2
13;da;2
13;|;2
13;other;2
13;are;2
13;their;2
13;use;2
13;Não;2
13;produção;2
13;internet,;2
13;os;2
13;com;2
13;We;2
13;production;2
13;content,;2
13;we;2
13;to;2
13;any;2
13;as;2
13;Contato;1
13;F.A.Q.;1
13;Cadastro;1
13;Login;1
13;<<;1
13;>>;1
13;1;1
13;2;1
13;Chainsaw;1
13;Man;1
13;Acad...;1
13;Dosanko;1
13;Gyaru;1
13;Sono;1
13;Bisque;1
13;Doll;1
13;Diamond;1
13;Ace;1
13;-;1
13;World;1
13;Trigger;1
13;Tokyo;1
13;Manji;1
13;Reven...;1
13;Tate;1
13;Yuusha;1
13;no...;1
13;Bokutachi;1
13;Benk...;1
13;Beastars;1
13;Shakunetsu;1
13;Nir...;1
13;Mind;1
13;Reader;1
13;22;1
13;Aivu;1
13;Ilha;1
13;Ronin;1
13;Villainess;1
13;Reverses;1
13;Hourglass;1
13;KastyScans;1
13;Maou;1
13;Gakuin;1
13;Futekigousha;1
13;13;1
13;Final;1
13;Imagine;1
13;Shen;1
13;Ze;1
13;04;1
13;Center;1
13;BR;1
13;Overgeared;1
13;(Remake);1
13;34;1
13;33;1
13;Blade;1
13;Evolution;1
13;(neox;1
13;Version);1
13;B;1
13;31;1
13;Mushoku;1
13;Tensei:;1
13;Roxy;1
13;datte;1
13;Honki;1
13;desu;1
13;26;1
13;X;1
13;Novel;1
13;Contratado;1
13;uma;1
13;Artista;1
13;Eromanga;1
13;Ensino;1
13;Médio;1
13;01.2;1
13;Omniscient;1
13;Readers;1
13;Viewpoint;1
13;Mato;1
13;Seihei;1
13;32;1
13;Hunter;1
13;Age;1
13;137;1
13;Kuro;1
13;Gyaru-san;1
13;Kuru!;1
13;Fim;1
13;Mundo;1
13;Traduções;1
13;Itoshi;1
13;Ko,;1
13;Charlotte;1
13;Dotachin;1
13;Blood;1
13;Strangers;1
13;29;1
13;Lady;1
13;Amira;1
13;Im;1
13;an;1
13;Overlord;1
13;48;1
13;Rock;1
13;Scan;1
13;Chicchai;1
13;Senpai;1
13;Kawaisugiru;1
13;UGA;1
13;Omamori;1
13;Himari;1
13;69;1
13;Aura;1
13;Mangas;1
13;Entrans!;1
13;09v2;1
13;09;1
13;Punch-Man;1
13;Solo;1
13;Leveling;1
13;Academia;1
13;(pt-br);1
13;Tales;1
13;Demons;1
13;Gods;1
13;Shingeki;1
13;Kyojin;1
13;Piece;1
13;Black;1
13;Clover;1
13;Nanatsu;1
13;Taizai(Pt-Br);1
13;Shokugeki;1
13;Souma;1
13;©;1
13;2020;1
13;MangásDireitos;1
13;autorais;1
13;marcas;1
13;comerciais;1
13;mangá,;1
13;outros;1
13;materiais;1
13;promocionais;1
13;são;1
13;mantidos;1
13;seus;1
13;respectivos;1
13;proprietários;1
13;utilização;1
13;permitida;1
13;nos;1
13;termos;1
13;cláusula;1
13;uso;1
13;justo;1
13;Lei;1
13;Direitos;1
13;Autorais.;1
13;Copyrights;1
13;trademarks;1
13;manga,;1
13;promotional;1
13;materials;1
13;held;1
13;by;1
13;respective;1
13;owners;1
13;allowed;1
13;under;1
13;fair;1
13;clause;1
13;Law.;1
13;somos;1
13;responsáveis;1
13;pela;1
13;presente,;1
13;todo;1
13;se;1
13;encontra;1
13;disponível;1
13;na;1
13;apenas;1
13;organizamos;1
13;leitura;1
13;online.;1
13;comercializamos;1
13;nenhum;1
13;nosso;1
13;conteúdo,;1
13;acesso;1
13;ao;1
13;é,;1
13;sempre;1
13;será,;1
13;livre;1
13;gratuito.;1
13;Todo;1
13;fã;1
13;fã.;1
13;donos,;1
13;webmasters;1
13;qualquer;1
13;outra;1
13;pessoa;1
13;tenha;1
13;relacionamento;1
13;site;1
13;não;1
13;tem;1
13;responsabilidade;1
13;alguma;1
13;sobre;1
13;forma;1
13;usuário;1
13;venha;1
13;utilizar;1
13;arquivos;1
13;vistos.;1
13;Caso;1
13;algum;1
13;arquivo;1
13;seja;1
13;autoria;1
13;esteja;1
13;sendo;1
13;utilizado;1
13;sem;1
13;permissão,;1
13;entre;1
13;em;1
13;contato,;1
13;analisaremos;1
13;removeremos;1
13;assim;1
13;possível.;1
13;responsible;1
13;actual;1
13;all;1
13;found;1
13;in;1
13;only;1
13;organize;1
13;them;1
13;reading.;1
13;All;1
13;here;1
13;fan;1
13;fan.;1
13;sell;1
13;none;1
13;access;1
13;is,;1
13;going;1
13;always;1
13;be,;1
13;free.;1
13;owners,;1
13;webmaster,;1
13;people;1
13;who;1
13;related;1
13;with;1
13;this;1
13;website;1
13;does;1
13;have;1
13;responsibility;1
13;about;1
13;how;1
13;guest;1
13;uses;1
13;content.;1
13;If;1
13;part;1
13;from;1
13;your;1
13;authority;1
13;being;1
13;used;1
13;without;1
13;permission,;1
13;contact;1
13;us,;1
13;will;1
13;analyze;1
13;remove;1
13;it;1
13;fast;1
13;possible.;1
12;no;22
12;of;14
12;The;9
12;wa;6
12;041;6
12;042;6
12;Demons;5
12;and;5
12;Hero;5
12;the;5
12;040;5
12;-;5
12;Martial;4
12;Peak;4
12;Tales;4
12;Gods;4
12;(Manhua);4
12;Boku;4
12;031;4
12;011;4
12;038;4
12;039;4
12;Life;4
12;Títulos;3
12;320;3
12;282;3
12;One;3
12;Piece;3
12;Academia;3
12;Tower;3
12;God;3
12;Bleach;3
12;032;3
12;013;3
12;030;3
12;024;3
12;Shoujo;3
12;ni;3
12;029;3
12;Dead;3
12;Home;2
12;Blog;2
12;Todos;2
12;os;2
12;Ranking;2
12;Facebook;2
12;Twitter;2
12;Grupo;2
12;CDM;2
12;Canal;2
12;Telegram;2
12;Discussão;2
12;Importante;2
12;Contato;2
12;RSS;2
12;Login;2
12;Registrar-se;2
12;984;2
12;277;2
12;338;2
12;2;2
12;686;2
12;205;2
12;Kimetsu;2
12;Yaiba;2
12;646;2
12;Kingdom;2
12;Central;2
12;de;2
12;Mangás;2
12;033;2
12;034;2
12;Hunter;2
12;Age;2
12;137;2
12;072;2
12;036;2
12;037;2
12;105;2
12;106;2
12;025;2
12;026;2
12;045;2
12;009;2
12;Heaven;2
12;Defying;2
12;Sword;2
12;047;2
12;Diamond;2
12;Ace;2
12;ga;2
12;035;2
12;Duke;2
12;I;2
12;King;2
12;FFF-Class;2
12;Trashero;2
12;Again;2
12;My;2
12;015;2
12;010;2
12;New;2
12;027;2
12;028;2
12;008;2
12;014;2
12;Black;2
12;+;2
12;Ai;2
12;Shounen;2
12;Completo;2
12;Scanlator;2
12;Scans;2
12;Otaku;2
12;Menu;1
12;Seguir;1
12;@BanditXP;1
12;Villainess;1
12;Reverses;1
12;Hourglass;1
12;005;1
12;Overgeared;1
12;Omniscient;1
12;Readers;1
12;Viewpoint;1
12;012;1
12;Maou;1
12;Gakuin;1
12;Futekigousha;1
12;Tokyo;1
12;Manji;1
12;Revengers;1
12;130;1
12;Toaru;1
12;Ossan;1
12;VRMMO;1
12;Katsudouki;1
12;Tensei;1
12;Shitara;1
12;Slime;1
12;Datta;1
12;Ken;1
12;Survive;1
12;as;1
12;s;1
12;Wife;1
12;Saotome-Senshu,;1
12;Hitakakusu;1
12;107;1
12;Rich;1
12;Player;1
12;Pochamani;1
12;Ookami-heika;1
12;Hanayome;1
12;053.5;1
12;054;1
12;316;1
12;317;1
12;318;1
12;319;1
12;Mahou;1
12;Akogarete;1
12;Kore;1
12;Koi;1
12;Hanashi;1
12;Jujutsu;1
12;Kaisen;1
12;113;1
12;I’m;1
12;Stanning;1
12;Prince;1
12;At;1
12;Random;1
12;Dimension;1
12;W;1
12;048;1
12;297;1
12;298;1
12;Bokutachi;1
12;Benkyou;1
12;Dekinai;1
12;165;1
12;Wizardly;1
12;Why;1
12;Are;1
12;You;1
12;Doing;1
12;This,;1
12;Sincerely:;1
12;Became;1
12;a;1
12;Dukes;1
12;Maid;1
12;055;1
12;Second;1
12;Ranker;1
12;067;1
12;Reverse;1
12;Villain;1
12;Release;1
12;That;1
12;Witch;1
12;134;1
12;Mo;1
12;Shi;1
12;Wei;1
12;Wang;1
12;Apocalypse;1
12;163;1
12;164;1
12;Am;1
12;Sorcerer;1
12;098;1
12;Crazy;1
12;Professor;1
12;In;1
12;School;1
12;Campus;1
12;043;1
12;Gamer;1
12;334;1
12;Yin;1
12;Zhi;1
12;Shoumuren;1
12;152;1
12;153;1
12;Negatibu;1
12;Yuusha;1
12;to;1
12;Maougunkanbu;1
12;017;1
12;Mount;1
12;Death;1
12;Play;1
12;Bouken;1
12;Tsuitekonaide;1
12;Okaasan!;1
12;Arata;1
12;Primal:;1
12;Primitive;1
12;Vanitas;1
12;Carte;1
12;Spirit;1
12;Warriors;1
12;020;1
12;021;1
12;022;1
12;023;1
12;Hime-sama,;1
12;Goumon;1
12;Jikan;1
12;desu;1
12;018;1
12;Monogatari;1
12;Naka;1
12;Hito;1
12;019;1
12;Fisheye;1
12;Placebo;1
12;003;1
12;Dededededestruction;1
12;A;1
12;Legend;1
12;Wind;1
12;044;1
12;Watari-kun;1
12;xx;1
12;Houkai;1
12;Sunzen;1
12;046;1
12;Vengeance;1
12;Heavenly;1
12;Demon;1
12;Ravages;1
12;Time;1
12;Portal;1
12;Wonderland;1
12;114;1
12;115;1
12;116;1
12;117;1
12;118;1
12;Live;1
12;Strongest;1
12;Abandoned;1
12;Son;1
12;138;1
12;Shindou;1
12;Sefiria;1
12;Gekokujou;1
12;Program;1
12;Game!;1
12;087;1
12;310;1
12;311;1
12;312;1
12;313;1
12;314;1
12;315;1
12;Love;1
12;Advice;1
12;from;1
12;Great;1
12;Hell;1
12;077;1
12;Light;1
12;Shadow;1
12;082;1
12;Koushaku;1
12;Reijou;1
12;Tashinami;1
12;Kimi;1
12;Haru;1
12;Me;1
12;o;1
12;Samasu;1
12;Jitsu;1
12;Watashi;1
12;101;1
12;102;1
12;103;1
12;104;1
12;106.5;1
12;Jashin-chan;1
12;Dropkick;1
12;136;1
12;Gui;1
12;Yi;1
12;Feng;1
12;Jiu;1
12;Ghostly;1
12;Doctor;1
12;Gate;1
12;Jietai;1
12;Kare;1
12;Chi;1
12;Nite,;1
12;Kaku;1
12;Tatakeri;1
12;071;1
12;073;1
12;074;1
12;074.5;1
12;075;1
12;Fujiwara-kun;1
12;Daitai;1
12;Tadashii;1
12;Fate;1
12;Grand;1
12;Order;1
12;Epic;1
12;Remnant;1
12;Deep;1
12;Sea;1
12;Cyber;1
12;Paradise;1
12;SERAPH;1
12;011.1;1
12;011.2;1
12;012.1;1
12;012.2;1
12;295;1
12;296;1
12;Da;1
12;Xiang;1
12;Wu;1
12;Xing;1
12;Elephant;1
12;Invisible;1
12;Cosplay;1
12;Deka;1
12;014.5;1
12;Winter;1
12;004;1
12;Aho;1
12;Girl;1
12;120.4;1
12;7;1
12;Wonders;1
12;Tyrants;1
12;Tears;1
12;Naruto;1
12;Fairy;1
12;Tail;1
12;Clover;1
12;Seven;1
12;Deadly;1
12;Sins;1
12;Attack;1
12;on;1
12;Titan;1
12;Onepunch-Man;1
12;4-koma;1
12;Ação;1
12;Adulto;1
12;Artes;1
12;Marciais;1
12;Aventura;1
12;Colegial;1
12;Comédia;1
12;Drama;1
12;Ecchi;1
12;Esporte;1
12;Fantasia;1
12;Ficção;1
12;Gender;1
12;Bender;1
12;Harém;1
12;Histórico;1
12;Horror;1
12;Isekai;1
12;Jogo;1
12;Josei;1
12;Maduro;1
12;Magia;1
12;Mecha;1
12;Mistério;1
12;Musical;1
12;OneShot;1
12;Policial;1
12;Psicológico;1
12;Romance;1
12;Sci-fi;1
12;Seinen;1
12;Slice;1
12;Smut;1
12;Sobrenatural;1
12;Terror;1
12;Tragédia;1
12;Xuanhuan;1
12;Yaoi;1
12;Yuri;1
12;Cancelado;1
12;(Em;1
12;Tradução);1
12;Em;1
12;publicação;1
12;Pausado;1
12;A.I.U.E.O.;1
12;Mangá;1
12;Chrono;1
12;E;1
12;Must;1
12;Die;1
12;Fascinio;1
12;Asiatico;1
12;Fuji;1
12;FY;1
12;Lady;1
12;Otomen;1
12;Mundo;1
12;RPG;1
12;Coleciono;1
12;FORTNITE;1
12;Gokigenyou;1
12;Loja;1
12;Animes;1
12;Parceiros;1
12;Legenda:;1
10;Notice;6
10;(2020-);4
10;+;4
10;Top;3
10;Story;3
10;us;3
10;on;3
10;of;3
10;app;3
10;English;3
10;New;2
10;Free;2
10;Comics;2
10;Series;2
10;Rated;2
10;Arcs;2
10;Submit;2
10;Unlimited;2
10;to;2
10;Follow;2
10;(2020);2
10;Batman:;2
10;The;2
10;Harley;2
10;Quinn;2
10;Black;2
10;White;2
10;Red;2
10;#2;2
10;Terms;2
10;Use;2
10;Privacy;2
10;Interest-Based;2
10;Ads;2
10;Cookies;2
10;My;1
10;Books;1
10;eGift;1
10;Cards;1
10;Log;1
10;In;1
10;Sales;1
10;Browse;1
10;Release;1
10;Date;1
10;Publishers;1
10;Selling;1
10;Creators;1
10;Genres;1
10;Subscriptions;1
10;Bundles;1
10;Originals;1
10;Graphic;1
10;Novels;1
10;Manga;1
10;Indie;1
10;Welcome;1
10;comiXology;1
10;comiXology?;1
10;Start;1
10;Here;1
10;SuBLime;1
10;Battle;1
10;Angel;1
10;Alita;1
10;is;1
10;Back!;1
10;Digital;1
10;First;1
10;Releases;1
10;Twitter;1
10;Tumblr;1
10;Like;1
10;Facebook;1
10;DRM-Free;1
10;Backups;1
10;View;1
10;More;1
10;1.;1
10;DCeased:;1
10;Hope;1
10;At;1
10;World's;1
10;End;1
10;#4;1
10;2.;1
10;Adventures;1
10;Continue;1
10;#7;1
10;3.;1
10;Gotham;1
10;Nights;1
10;#11;1
10;4.;1
10;Hawkeye:;1
10;Freefall;1
10;#6;1
10;5.;1
10;6.;1
10;Boys:;1
10;Dear;1
10;Becky;1
10;7.;1
10;#1;1
10;8.;1
10;Supergirl;1
10;(2016-);1
10;#42;1
10;9.;1
10;Wonder;1
10;Woman:;1
10;Agent;1
10;Peace;1
10;#8;1
10;10.;1
10;Star;1
10;#5;1
10;(of;1
10;5);1
10;Our;1
10;Contact;1
10;Us;1
10;Careers;1
10;FAQs;1
10;Redeem;1
10;Mobile;1
10;Site;1
10;iPhone/iPad;1
10;Android;1
10;Kindle;1
10;Fire;1
10;French;1
10;Mutated;1
10;by;1
10;Gamma;1
10;Radiation;1
10;in;1
10;NYC;1
10;Cart;1
10;(0;1
10;Items);1
10;Total;1
10;0.00;1
9;;18
9;Atualizado;18
9;até;18
9;capítulo;18
9;;18
9;Romance/Moderno;5
9;com;4
9;o;4
9;O;4
9;Minha;4
9;Esposa;4
9;Fênix;4
9;Casamento;4
9;A;4
9;Um;4
9;de;4
9;;3
9;Início;2
9;Mangá;2
9;Novela;2
9;publicar;2
9;moedas;2
9;obra;2
9;Mais;2
9;Presa;2
9;CEO;2
9;Presidente;2
9;Mandão;2
9;Garota;2
9;Pura;2
9;Tesouro;2
9;Particular;2
9;do;2
9;Príncipe;2
9;Romance/Novo;2
9;É;2
9;Teimosa;2
9;Venenosa;2
9;Eu;2
9;Fui;2
9;XXX;2
9;Pelo;2
9;Meu;2
9;Ídolo;2
9;Viagem;2
9;ao;2
9;Ano;2
9;3000;2
9;D.C.;2
9;Contra;2
9;Mundo;2
9;Imperador,;2
9;não;2
9;Seja;2
9;tão;2
9;Rude!;2
9;Morno;2
9;Substituta;2
9;Vingança;2
9;da;2
9;Senhorita;2
9;Bai;2
9;Romance/Moderno/Novo;2
9;Garoto;2
9;no;2
9;Colégio;2
9;Feminino;2
9;Lendo;2
9;Seu;2
9;Coração;2
9;Ex;2
9;Milionário;2
9;Arranjado;2
9;a;2
9;Amada;2
9;Ataque;2
9;Fofura;2
9;Quero;1
9;Comprar;1
9;Publicar;1
9;;1
9;中文;1
9;English;1
9;Indonesian;1
9;Tiếng;1
9;Việt;1
9;Español;1
9;Português;1
9;ไทย;1
9;日本語;1
9;Login;1
9;Logout;1
9;Buscas;1
9;mangás;1
9;Início;1
9;Mangá;1
9;Novela;1
9;Quero;1
9;Comprar;1
9;Publicar;1
9;Ver;1
9;todos;1
9;popular;1
9;recente;1
9;Atualiza;1
9;hoje;1
9;Romance;1
9;Completo;1
9;Fantasia;1
9;Escolar;1
9;Ação;1
9;Aventura;1
9;Comédia;1
9;Horror;1
9;Moderno;1
9;Yaoi/Yuri;1
9;Criadores;1
9;Supernova;1
9;História;1
9;Isekai;1
9;Fanfic;1
9;Novo;1
9;Yuri;1
9;Superpoder;1
9;17.6K;1
9;31;1
9;585.3K;1
9;1.0M;1
9;270;1
9;37.1M;1
9;599.2K;1
9;Escolar/Romance/Moderno;1
9;430;1
9;22.0M;1
9;277.7K;1
9;206;1
9;10.7M;1
9;167.8K;1
9;102;1
9;5.7M;1
9;30.1K;1
9;Romance/História/Novo;1
9;36;1
9;882.2K;1
9;673.3K;1
9;Escolar/Romance/Completo;1
9;125;1
9;26.0M;1
9;245.8K;1
9;Ação/Romance/Fantasia/Isekai/Aventura/Superpoder;1
9;126;1
9;7.0M;1
9;392.1K;1
9;Fantasia/História/Isekai/Aventura;1
9;280;1
9;11.6M;1
9;126.8K;1
9;195;1
9;6.1M;1
9;621.4K;1
9;257;1
9;23.2M;1
9;128.9K;1
9;Romance/Moderno/Completo;1
9;143;1
9;5.3M;1
9;83.6K;1
9;83;1
9;3.0M;1
9;338.6K;1
9;Escolar/Comédia;1
9;204;1
9;12.9M;1
9;50.6K;1
9;Romance/História/Comédia/Novo;1
9;45;1
9;1.5M;1
9;449.4K;1
9;436;1
9;17.3M;1
9;140.6K;1
9;80;1
9;4.4M;1
9;139.3K;1
9;85;1
9;3.9M;1
9;Próxima;1
9;página;1
9;;1
9;support@mangatoon.mobi;1
9;contribute@mangatoon.mobi;1
9;@MangaToonEN;1
9;@MangaToon_PT;1
9;沪ICP备18017362号-1;1
8;Chapter;199
8;ago;79
8;hour;64
8;The;33
8;7;19
8;-;18
8;the;17
8;and;16
8;Vol.1;16
8;day;15
8;of;13
8;Vol.2;13
8;3;13
8;4;13
8;2;12
8;6;11
8;you;11
8;8;10
8;Vol.4;10
8;a;10
8;1;9
8;to;8
8;5;8
8;is;8
8;no;8
8;Manga;8
8;Immortal;7
8;in;7
8;Vol.3;7
8;07-03;7
8;A;6
8;wa;6
8;(Part;6
8;06-25;6
8;World;5
8;I;5
8;One;5
8;16;5
8;You;5
8;Sister;5
8;07-01;5
8;read;5
8;[email;4
8;protected];4
8;MANGA;4
8;Strongest;4
8;Days;4
8;Isekai;4
8;7:;4
8;Love;4
8;21:;4
8;20:;4
8;Elder;4
8;or;4
8;06-24;4
8;06-22;4
8;online;4
8;Of;3
8;I'm;3
8;Metropolitan;3
8;System;3
8;Hunter;3
8;Time;3
8;Volume;3
8;Extras;3
8;With;3
8;My;3
8;Girlfriend;3
8;ga;3
8;23:;3
8;22:;3
8;on;3
8;Different;3
8;wa,;3
8;18;3
8;17;3
8;15;3
8;6:;3
8;What;3
8;Floor;3
8;27;3
8;Vol.16;3
8;Vol.32;3
8;Main;3
8;Part;3
8;with;3
8;Narumi;3
8;Act;3
8;Narumi's;3
8;Void;3
8;27:;3
8;Vol.6;3
8;at;3
8;Siscon;3
8;Eternal;3
8;Gaming;3
8;Café;3
8;Floor:;3
8;an;3
8;06-23;3
8;06-09;3
8;06-20;3
8;23:34;3
8;are;3
8;should;3
8;that;3
8;Rebirth;2
8;Urban;2
8;Cultivator;2
8;339;2
8;Swordsman;2
8;Reverse;2
8;104;2
8;Great;2
8;172;2
8;Tomo-chan;2
8;Onnanoko!;2
8;Vol.8;2
8;953.6:;2
8;God;2
8;King;2
8;108;2
8;Spirit;2
8;Martial;2
8;Abandoned;2
8;Son;2
8;138;2
8;na;2
8;Kanojo;2
8;City;2
8;Lord;2
8;ni;2
8;Moon;2
8;Witch;2
8;Sun;2
8;12;2
8;11;2
8;10;2
8;1);2
8;Family;2
8;Omoi;2
8;Club;2
8;Demon;2
8;25;2
8;24;2
8;44;2
8;43;2
8;42;2
8;o;2
8;Saikyou;2
8;de;2
8;20;2
8;19;2
8;Uruha;2
8;5:;2
8;Want;2
8;An;2
8;Half);2
8;Makikomarete;2
8;Teni;2
8;suru;2
8;Yatsu;2
8;Taitei;2
8;Cheat;2
8;25.1;2
8;Hot;2
8;IV;2
8;III;2
8;Hime;2
8;Koukan;2
8;wo;2
8;To;2
8;26:;2
8;19:;2
8;from;2
8;Another;2
8;Hasshaku-sama;2
8;Survival;2
8;for;2
8;84:;2
8;Slime;2
8;Pocona;2
8;24:;2
8;It;2
8;If;2
8;52;2
8;This;2
8;Extra;2
8;Her;2
8;as;2
8;9;2
8;?;2
8;Becoming;2
8;not;2
8;have;2
8;it;2
8;Top;2
8;ALL;2
8;life;2
8;Shoujo;2
8;ai;2
8;Shounen;2
8;Read;2
8;05-12;2
8;04:37;2
8;06-26;2
8;06-30;2
8;07:27;2
8;05-26;2
8;06-28;2
8;06-13;2
8;07-09;2
8;22:56;2
8;06-21;2
8;06-03;2
8;06-29;2
8;02:38;2
8;05-27;2
8;08:17;2
8;06-04;2
8;reasons;2
8;if;2
8;then;2
8;about;2
8;why;2
8;money;2
8;can;2
8;save;2
8;there's;2
8;book;2
8;also;2
8;those;2
8;So;2
8;When;2
8;go;2
8;store;2
8;want;2
8;Login;1
8;Register;1
8;MENU;1
8;HOME;1
8;LATEST;1
8;HOT;1
8;NEW;1
8;COMPLETED;1
8;289:;1
8;289;1
8;195;1
8;Hero?;1
8;Quit;1
8;Long;1
8;Ago.;1
8;197;1
8;Yong;1
8;Heng;1
8;Zhi;1
8;Zun;1
8;232;1
8;Peerless;1
8;Battle;1
8;130;1
8;Arts;1
8;Reigns;1
8;167;1
8;Ghostly;1
8;Doctor;1
8;226;1
8;Supremacy;1
8;146;1
8;Domestic;1
8;276.2:;1
8;Hina;1
8;Starting;1
8;From;1
8;Today;1
8;I'll;1
8;Work;1
8;As;1
8;180;1
8;Mythical;1
8;Realm;1
8;206.1;1
8;Nonbiri;1
8;Nouka;1
8;122;1
8;Mousou;1
8;Telepathy;1
8;Vol.7;1
8;717.5:;1
8;Rebirth:;1
8;Deity;1
8;84;1
8;Oversimplified;1
8;SCP;1
8;133:;1
8;SCP-1481;1
8;132:;1
8;SCP-3502;1
8;131:;1
8;SCP-ES-026;1
8;Burning;1
8;Effect;1
8;90;1
8;89;1
8;88;1
8;Naritai;1
8;Kimi;1
8;Boku;1
8;47:;1
8;Periwinkles;1
8;46:;1
8;Flower;1
8;Basket;1
8;45:;1
8;Flames;1
8;Ashes;1
8;Friendship;1
8;King:;1
8;Salvation;1
8;Kanojo,;1
8;Okarishimasu;1
8;147:;1
8;Lies;1
8;146:;1
8;2);1
8;145:;1
8;Heisei;1
8;Umare;1
8;218:;1
8;Innate;1
8;ability;1
8;217:;1
8;Amusement;1
8;park;1
8;216:;1
8;first;1
8;city;1
8;Omoi-san;1
8;Order;1
8;important!;1
8;Congratulations;1
8;Surprise;1
8;Will;1
8;Die;1
8;Soon;1
8;64;1
8;63;1
8;62;1
8;Yukan;1
8;15.3;1
8;15.2;1
8;15.1;1
8;Wife;1
8;Queen;1
8;206;1
8;205;1
8;204;1
8;Lonely;1
8;Attack;1
8;26;1
8;Legend;1
8;Northern;1
8;Blade;1
8;Fukushuu;1
8;Koinegau;1
8;Yuusha;1
8;Yami;1
8;Chikara;1
8;Senmetsu;1
8;Musou;1
8;Suru;1
8;Kakushigoto;1
8;Secrets;1
8;Emergency;1
8;Sekai;1
8;Arisugawa;1
8;Hizumi;1
8;Black;1
8;Red;1
8;4:;1
8;Can't;1
8;Always;1
8;Get;1
8;Vampire;1
8;28;1
8;Never;1
8;Go;1
8;Shopping;1
8;Angry;1
8;Woman;1
8;Misunderstanding;1
8;Tower;1
8;into;1
8;Clouds;1
8;91:;1
8;(Later;1
8;90:;1
8;(Earlier;1
8;89:;1
8;(Beginning);1
8;23;1
8;Hantsu;1
8;x;1
8;Trash;1
8;174:;1
8;I've;1
8;Decided...!;1
8;173:;1
8;Can;1
8;Become;1
8;Stronger...!!;1
8;172:;1
8;Water;1
8;Paradise;1
8;Karakuri;1
8;Circus;1
8;308:;1
8;307:;1
8;306:;1
8;II;1
8;～Otasaa;1
8;Kareshi;1
8;Goshomou;1
8;Ken～;1
8;28:;1
8;It's;1
8;Possible...;1
8;We;1
8;Need;1
8;Check;1
8;Comiket;1
8;Motoka's;1
8;Cafeteria;1
8;Blue;1
8;Tiger;1
8;Space;1
8;18:;1
8;Returning;1
8;Prisoner's;1
8;Planet;1
8;17:;1
8;Shines;1
8;Like;1
8;Phantom;1
8;Fechippuru;1
8;~Our;1
8;Innocent;1
8;Love~;1
8;74:;1
8;Fetishist;1
8;Trio;1
8;:;1
8;74;1
8;Vol.5;1
8;73:;1
8;Door;1
8;Closes...;1
8;Opens;1
8;JK;1
8;Shousetsuka;1
8;ppoi!;1
8;14;1
8;Urasekai;1
8;Picnic;1
8;Kisaragi;1
8;Station;1
8;Brother;1
8;Rent;1
8;13;1
8;Takasugi’s;1
8;Tiny;1
8;Delinquent;1
8;Hero;1
8;86:;1
8;Said;1
8;Twice;1
8;85:;1
8;Strict;1
8;Observance;1
8;Impossible;1
8;X;1
8;Life;1
8;94:;1
8;Errand;1
8;Pt;1
8;93:;1
8;Siroro;1
8;92:;1
8;Precocious;1
8;Gokudou;1
8;Parasites;1
8;How;1
8;Good;1
8;Would;1
8;Be;1
8;Was;1
8;Dream;1
8;Bol’šoj!!!;1
8;Gave;1
8;Me;1
8;FFF-Class;1
8;Trashero;1
8;51;1
8;50;1
8;Girl;1
8;Random;1
8;Chatting!;1
8;125:;1
8;Speechless;1
8;Child;1
8;124:;1
8;Small;1
8;Fry;1
8;123:;1
8;Please;1
8;Maou;1
8;Gun;1
8;Majutsushi;1
8;Ningen;1
8;datta;1
8;Seishun;1
8;Buta;1
8;Yaro;1
8;Petit;1
8;Devil;1
8;Kouhai;1
8;Yume;1
8;Minai;1
8;Onee-san;1
8;Joshi;1
8;Shougakusei;1
8;Kyoumi;1
8;arimasu.;1
8;Lead;1
8;19.6:;1
8;⑥;1
8;19.5:;1
8;⑤;1
8;Real;1
8;Heroine;1
8;Irimasen!;1
8;45;1
8;Kitsune;1
8;61;1
8;60;1
8;59;1
8;A-bout!;1
8;57:;1
8;Card;1
8;Selection;1
8;56:;1
8;Eligible;1
8;Person;1
8;Eyes;1
8;People;1
8;55:;1
8;Man;1
8;Arrives;1
8;Breaking;1
8;Commandment;1
8;Satanofani;1
8;Vol.10;1
8;Wai;1
8;Khru;1
8;Ram;1
8;Muay;1
8;83;1
8;82;1
8;Has;1
8;Crush;1
8;Her,;1
8;But;1
8;She;1
8;Doesn't;1
8;Mind;1
8;Correct;1
8;Way;1
8;Use;1
8;Your;1
8;Pay;1
8;Spending;1
8;Little;1
8;Mom;1
8;Who;1
8;Came;1
8;Workplace;1
8;Dazzlingly;1
8;Bright;1
8;Afterschool;1
8;Embankment;1
8;Journal;1
8;14:;1
8;Rainy;1
8;Season;1
8;13.5:;1
8;Eging;1
8;13:;1
8;Rock;1
8;Fishing;1
8;Goblin;1
8;Slayer:;1
8;Side;1
8;Story;1
8;Year;1
8;41;1
8;40;1
8;@CRC_Luna:;1
8;Conspiracy;1
8;Research;1
8;34.5:;1
8;Sneak;1
8;Preview;1
8;All;1
8;Night;1
8;Arcade;1
8;34:;1
8;Dining;1
8;In;1
8;33.5:;1
8;Taking;1
8;Pride;1
8;^_~;1
8;Everywhere;1
8;&;1
8;Nowhere;1
8;111:;1
8;Warlord;1
8;110:;1
8;Prince;1
8;Albert;1
8;109:;1
8;Darwin;1
8;Return;1
8;Emperor;1
8;54:;1
8;Cause;1
8;53;1
8;Strike;1
8;Gutter;1
8;league;1
8;match?;1
8;Adults;1
8;Only;1
8;Clinic;1
8;Horrors;1
8;51:;1
8;7);1
8;50:;1
8;6);1
8;49:;1
8;5);1
8;Earl's;1
8;Daughter;1
8;was;1
8;Suddenly;1
8;Employed;1
8;Crown;1
8;Prince's;1
8;Fiancée;1
8;Tono;1
8;Kanri;1
8;Shite;1
8;Miyou;1
8;21st;1
8;Elves;1
8;Species;1
8;20th;1
8;New;1
8;Division;1
8;Managers;1
8;19th;1
8;Shapeshift;1
8;Skill;1
8;Is;1
8;God-Tier;1
8;Game;1
8;Means;1
8;10:;1
8;Have;1
8;Smile;1
8;Angel;1
8;9:;1
8;Thrilling;1
8;Hot-Blooded;1
8;Spring;1
8;8:;1
8;Incarnation;1
8;Recommendation;1
8;Middle;1
8;Schooler;1
8;Hidden;1
8;Surface;1
8;Town;1
8;33:;1
8;ugly;1
8;32:;1
8;Regretful;1
8;happiness;1
8;31:;1
8;Whether;1
8;transform;1
8;Rifle;1
8;Beautiful;1
8;25:;1
8;Do;1
8;any;1
8;worries?;1
8;Stars';1
8;gathering;1
8;Bring;1
8;Sweet;1
8;Bitter;1
8;MORE;1
8;Let's;1
8;Buy;1
8;Land;1
8;And;1
8;Cultivate;1
8;World's;1
8;Best;1
8;Assassin,;1
8;Reincarnated;1
8;Aristocrat;1
8;8.1;1
8;Tenseishichatta;1
8;yo;1
8;(Iya,;1
8;Gomen);1
8;Spinel's;1
8;Trap;1
8;Latest;1
8;Newest;1
8;view;1
8;Completed;1
8;Ongoing;1
8;Action;1
8;Adult;1
8;Adventure;1
8;Comedy;1
8;Cooking;1
8;Doujinshi;1
8;Drama;1
8;Ecchi;1
8;Fantasy;1
8;Gender;1
8;bender;1
8;Harem;1
8;Historical;1
8;Horror;1
8;Josei;1
8;Manhua;1
8;Manhwa;1
8;arts;1
8;Mature;1
8;Mecha;1
8;Medical;1
8;Mystery;1
8;shot;1
8;Psychological;1
8;Romance;1
8;School;1
8;Sci;1
8;fi;1
8;Seinen;1
8;Slice;1
8;Smut;1
8;Sports;1
8;Supernatural;1
8;Tragedy;1
8;Webtoons;1
8;Yaoi;1
8;Yuri;1
8;03:39;1
8;03:58;1
8;09:01;1
8;12:48;1
8;05-10;1
8;08:11;1
8;05-08;1
8;21:49;1
8;03:08;1
8;23:22;1
8;06:45;1
8;05-04;1
8;07:22;1
8;04-16;1
8;00:19;1
8;12-17;1
8;20:14;1
8;05-31;1
8;10:25;1
8;05-30;1
8;11:14;1
8;12:43;1
8;22;1
8;18:21;1
8;06:10;1
8;11:37;1
8;06:53;1
8;06-11;1
8;03:43;1
8;07:02;1
8;05-28;1
8;07:05;1
8;05-14;1
8;12:22;1
8;22:08;1
8;04:11;1
8;05:35;1
8;05-23;1
8;09:16;1
8;06-19;1
8;07:54;1
8;04-06;1
8;08:43;1
8;21;1
8;11-11;1
8;06:43;1
8;07:47;1
8;03:18;1
8;19:05;1
8;06:46;1
8;18:14;1
8;23:02;1
8;06:05;1
8;07:45;1
8;03-29;1
8;08:12;1
8;08:44;1
8;03:36;1
8;22:29;1
8;16:05;1
8;03:12;1
8;22:48;1
8;02-27;1
8;14:01;1
8;12-21;1
8;09:45;1
8;01-26;1
8;08:58;1
8;03-23;1
8;01:06;1
8;02-17;1
8;03:35;1
8;04:15;1
8;05:12;1
8;01:09;1
8;10:44;1
8;03:38;1
8;06-17;1
8;02:15;1
8;06-18;1
8;04:33;1
8;01:49;1
8;06-05;1
8;05-16;1
8;02:02;1
8;06-12;1
8;13:00;1
8;09:13;1
8;21:32;1
8;22:52;1
8;04-17;1
8;02:33;1
8;03-14;1
8;14:58;1
8;06-06;1
8;01:04;1
8;23:54;1
8;16:29;1
8;03:45;1
8;04:16;1
8;04-19;1
8;18:57;1
8;04-14;1
8;15:18;1
8;01:11;1
8;00:18;1
8;22:10;1
8;19:00;1
8;Why;1
8;Should;1
8;Online;1
8;Mangakakalot.com;1
8;There;1
8;many;1
8;online,;1
8;fan;1
8;this;1
8;unique;1
8;storytelling;1
8;style;1
8;learning;1
8;them;1
8;must.;1
8;biggest;1
8;you.;1
8;While;1
8;nothing;1
8;like;1
8;actually;1
8;holding;1
8;your;1
8;hands,;1
8;denying;1
8;cost;1
8;books;1
8;add;1
8;up;1
8;quickly.;1
8;join;1
8;digital;1
8;age;1
8;online?;1
8;big;1
8;reason;1
8;huge;1
8;amount;1
8;material;1
8;available.;1
8;comic;1
8;other;1
8;their;1
8;shelves;1
8;limited;1
8;by;1
8;space;1
8;they;1
8;have.;1
8;site;1
8;limitations;1
8;don't;1
8;exist.;1
8;best;1
8;selection;1
8;reading;1
8;be;1
8;obvious;1
8;choice;1
8;©2016;1
8;Mangakakalot.com,;1
8;all;1
8;rights;1
8;reserved.;1
8;speed,;1
8;completely;1
8;free.;1
8;Current;1
8;Jul-08-2020;1
8;08:21:11;1
8;AM.;1
8;questions;1
8;anything;1
8;advertising,;1
8;please;1
8;contact;1
8;us;1
8;content;1
8;notification;1
7;no;15
7;Black;4
7;Clover;4
7;Naruto;4
7;Nanatsu;4
7;One;4
7;Dragon;4
7;Ball;4
7;Hunter;4
7;Tokyo;4
7;Contato;3
7;e;3
7;Animes;2
7;Comédia;2
7;Ação;2
7;Aventura;2
7;Fantasia;2
7;Drama;2
7;Ficção;2
7;Científica;2
7;Mistério;2
7;Desenhos;2
7;Romance;2
7;Inicio;2
7;animes;2
7;Fruits;2
7;Basket(2019);2
7;Shadowverse;2
7;(TV);2
7;Wu;2
7;Geng;2
7;Ji;2
7;Mashin;2
7;Sentai;2
7;The;2
7;God;2
7;Of;2
7;High;2
7;Pokémon;2
7;(2019);2
7;Argonavis;2
7;From;2
7;BanG;2
7;»;2
7;mais;2
7;Shippuden;2
7;Boku;2
7;Hero;2
7;Academia;2
7;Taizai;2
7;Piece;2
7;Super;2
7;Boruto;2
7;Shingeki;2
7;Kyojin;2
7;Kimetsu;2
7;Yaiba;2
7;Taizai:;2
7;Bleach;2
7;Punch;2
7;Man;2
7;Clássico;2
7;Fairy;2
7;Tail;2
7;Os;2
7;Simpsons;2
7;x;2
7;Ghoul;2
7;Steven;2
7;Universe;2
7;Z;2
7;Futurama;2
7;Star;2
7;vs.;2
7;As;2
7;Forças;2
7;do;2
7;Rick;2
7;and;2
7;Morty;2
7;Ghoul:re;2
7;Tate;2
7;Yuusha;2
7;de;2
7;COMUNICADO;1
7;PÁGINA;1
7;INICIAL;1
7;GÊNEROS;1
7;CALENDÁRIO;1
7;Todos;1
7;os;1
7;Kiramag...;1
7;Kiramager;1
7;Schoo...;1
7;School;1
7;D...;1
7;Dream!;1
7;Ver;1
7;Dub...;1
7;Dublado;1
7;Legendado;1
7;(A...;1
7;(Attack;1
7;on;1
7;titan);1
7;Ka...;1
7;Kamigami;1
7;Gekirin;1
7;–;1
7;Ira;1
7;dos;1
7;Deuses;1
7;(2011...;1
7;(2011);1
7;d...;1
7;Mal;1
7;Nar...;1
7;Nariagari;1
7;2;1
7;3;1
7;4;1
7;5;1
7;81;1
7;Crimes;1
7;Em;1
7;Lançamento;1
7;Filmes;1
7;Guerra;1
7;política;1
7;HD;1
7;Disponível;1
7;Jogos;1
7;Kids;1
7;Series;1
7;Sobrenatural;1
7;suspense;1
7;Terror;1
7;Termos;1
7;Uso;1
7;Transformice;1
7;Pirata;1
7;Hentais;1
7;Online;1
7;Infelizmente,;1
7;diversos;1
7;episódios;1
7;estão;1
7;fora;1
7;ar.;1
7;Estamos;1
7;trabalhando;1
7;para;1
7;correção;1
7;total;1
7;o;1
7;rápido;1
7;possível!;1
7;Obs.:;1
7;a;1
7;atualização;1
7;postagem;1
7;novos;1
7;continuam;1
7;normalmente.;1
7;Desculpem-nos;1
7;pelo;1
7;transtorno!;1
6;Episodio;21
6;no;20
6;Online;14
6;Episodios;11
6;Todos;9
6;os;9
6;1;9
6;Animes;7
6;de;4
6;Maou;4
6;Ver;3
6;Mais;3
6;Boku;3
6;Hero;3
6;Academia;3
6;High;3
6;School;3
6;Great;3
6;Pretender;3
6;The;3
6;of;3
6;e;3
6;2020;3
6;8.5;2
6;8.3;2
6;8.2;2
6;7.8;2
6;8.0;2
6;Inicio;2
6;Lista;2
6;Legendado;2
6;Dublado;2
6;Gêneros;2
6;A;2
6;Darling;2
6;in;2
6;the;2
6;Franxx;2
6;Haikyuu!!;2
6;Hunter;2
6;2011;2
6;Adventure;2
6;No;2
6;Basket;2
6;Douluo;2
6;Dalu;2
6;(Soul;2
6;Land);2
6;Nanatsu;2
6;24;2
6;Black;2
6;Clover;2
6;to;2
6;2;2
6;God;2
6;Gakuin;2
6;Futekigousha:;2
6;Shijou;2
6;Saikyou;2
6;Shiso,;2
6;Tensei;2
6;shite;2
6;Shison-tachi;2
6;Gakkou;2
6;Monster;2
6;Musume;2
6;Oisha-san;2
6;Dokyuu;2
6;Hentai;2
6;HxEros;2
6;2016;2
6;2019;2
6;2017;2
6;animes;2
6;ALL;1
6;B;1
6;C;1
6;D;1
6;E;1
6;F;1
6;G;1
6;H;1
6;I;1
6;J;1
6;K;1
6;L;1
6;M;1
6;N;1
6;O;1
6;P;1
6;Q;1
6;R;1
6;S;1
6;T;1
6;U;1
6;V;1
6;W;1
6;X;1
6;Y;1
6;Z;1
6;Temporada;1
6;x;1
6;Fairy;1
6;Tail;1
6;JoJo’s;1
6;Bizarre;1
6;Tokyo;1
6;Ghoul;1
6;DxD;1
6;Kuroko;1
6;4;1
6;25;1
6;Taizai:;1
6;Kamigami;1
6;Gekirin;1
6;133;1
6;Gleipnir;1
6;13;1
6;Plunderer;1
6;Muhyo;1
6;Rouji;1
6;Mahouritsu;1
6;Soudan;1
6;Jimusho;1
6;10;1
6;Stellar;1
6;Transformations;1
6;Fruits;1
6;2nd;1
6;Season;1
6;14;1
6;Pokémon;1
6;(2019);1
6;27;1
6;111;1
6;Digimon;1
6;(2020);1
6;5;1
6;One;1
6;Piece;1
6;931;1
6;Enen;1
6;Shouboutai:;1
6;Ni;1
6;Shou;1
6;Bungou;1
6;Alchemist:;1
6;Shinpan;1
6;Haguruma;1
6;8;1
6;9;1
6;Rakshasa;1
6;Street;1
6;Ano;1
6;Natsu;1
6;Matteru;1
6;Gochuumon;1
6;wa;1
6;Usagi;1
6;Desuka?;1
6;Genshiken;1
6;Gekkan;1
6;Shoujo;1
6;Nozaki-kun;1
6;Yuru;1
6;Yuri;1
6;Nisekoi;1
6;Hitori;1
6;Shita:;1
6;Outcast;1
6;ReLIFE;1
6;Xing;1
6;Chen;1
6;Bian;1
6;(Legend;1
6;Immortal);1
6;Taizai;1
6;Ishuzoku;1
6;Reviewers;1
6;2018;1
6;2015;1
6;2014;1
6;2013;1
6;2012;1
6;2010;1
6;2009;1
6;2008;1
6;2007;1
6;2006;1
6;Contato;1
6;DMCA;1
6;Online.;1
6;melhor;1
6;maneira;1
6;assistir;1
6;online;1
6;grátis,;1
6;basta;1
6;dar;1
6;play;1
6;ver;1
6;seus;1
6;favoritos;1
6;em;1
6;hd,;1
6;atualizados;1
6;diariamente.;1
5;chevron_right;22
5;–;12
5;ASSISTA;12
5;ONLINE;12
5;HDEpisódio;11
5;;10
5;Episódio;10
5;01;9
5;no;8
5;assignment_ind;6
5;2;6
5;Últimos;4
5;13;4
5;Animes;3
5;search;3
5;World;3
5;Youtubers;2
5;Parceiros;2
5;adicionados;2
5;Lançamentos;2
5;-;2
5;Assistir;2
5;Online;2
5;Sociais;2
5;Propaganda;2
5;Melhores;2
5;da;2
5;Temporada;2
5;(MAL);2
5;;2
5;;2
5;;2
5;whatshot;2
5;;2
5;group;2
5;group_add;2
5;explore;2
5;help;2
5;local_library;2
5;;2
5;card_giftcard;2
5;star;2
5;forum;2
5;account_circle;2
5;assignment;2
5;Suporte;2
5;Asatir:;2
5;Mirai;2
5;Mukashibanashi;2
5;Komatta;2
5;Jiisan;2
5;12;2
5;133;2
5;10;2
5;Fruits;2
5;Basket;2
5;14;2
5;07;2
5;«;2
5;3;2
5;5;2
5;»;2
5;dehaze;1
5;Inicio;1
5;Conteúdo;1
5;Lista;1
5;de;1
5;Pedidos;1
5;Calendário;1
5;Equipe;1
5;Membros;1
5;Recrutamento;1
5;Explorar;1
5;Tutorial;1
5;Notícias;1
5;Silvers;1
5;Cupom;1
5;Ranking;1
5;Comentários;1
5;Diário;1
5;Semanal;1
5;Mensal;1
5;Geral;1
5;Total;1
5;Comunidade;1
5;Fórum;1
5;Facebook;1
5;Youtube;1
5;Instagram;1
5;Discord;1
5;Conectar;1
5;Registrar;1
5;Keppeki;1
5;Danshi!;1
5;Aoyama-kun;1
5;Made;1
5;in;1
5;Abyss;1
5;Kiznaiver;1
5;Kobayashi-san;1
5;Chi;1
5;Maid;1
5;Dragon;1
5;Hello;1
5;Musaigen;1
5;Phantom;1
5;Muhyo;1
5;to;1
5;Rouji;1
5;Mahouritsu;1
5;Soudan;1
5;Jimusho;1
5;Epis�…;1
5;Umayon;1
5;Black;1
5;Clover;1
5;Great;1
5;Pretender;1
5;Another;1
5;ONA;1
5;HDONA;1
5;Olympia;1
5;Kyklos;1
5;Lapis;1
5;Re:LiGHTs;1
5;Primeira;1
5;4;1
5;Última;1
5;Kaguya-sama;1
5;wa;1
5;Kokurasetai;1
5;Kingdom;1
5;Honzuki;1
5;Gekokujou;1
5;Kami;1
5;Tou;1
5;BNA;1
5;Yesterday;1
5;wo;1
5;Utatte;1
5;Otome;1
5;Game;1
5;Shokugeki;1
5;Souma;1
5;Kakushigoto;1
5;DMCA;1
5;Privacy;1
5;Ajuda;1
5;/;1
5;FAQ;1
4;-;289
4;2019;256
4;April;238
4;Chapter;226
4;3,;219
4;the;140
4;The;101
4;and;78
4;of;69
4;a;62
4;Death;46
4;Mage;46
4;to;43
4;in;40
4;who;35
4;Side;33
4;A;31
4;2020;26
4;that;26
4;is;23
4;King;21
4;an;18
4;with;18
4;Character;18
4;Summary;18
4;be;17
4;2,;15
4;Volume;14
4;Demon;14
4;for;13
4;I;12
4;Those;11
4;life;11
4;his;11
4;god;11
4;from;10
4;Page;9
4;at;9
4;but;9
4;2;8
4;May;8
4;your;8
4;Appendix;7
4;one;7
4;will;7
4;end;7
4;are;7
4;time;7
4;it;7
4;cannot;7
4;you;7
4;enemy;7
4;or;7
4;he;7
4;March;6
4;font;6
4;size.;6
4;1;6
4;on;6
4;An;6
4;those;6
4;first;6
4;was;6
4;←;6
4;Back;6
4;Light;6
4;Novel;6
4;Bastion;6
4;June;5
4;3;5
4;–;5
4;has;5
4;up;5
4;man;5
4;9;5
4;third;5
4;as;5
4;nothing;5
4;by;5
4;reincarnated;5
4;second;5
4;V8;5
4;things;5
4;even;5
4;I’m;5
4;king;5
4;this;5
4;Let’s;5
4;Eclipse;5
4;my;5
4;new;5
4;Lost;5
4;password?;5
4;*;5
4;July;4
4;January;4
4;Sign;4
4;4;4
4;before;4
4;King’s;4
4;can;4
4;Holy;4
4;squirming;4
4;nation;4
4;Meanwhile,;4
4;three;4
4;8;4
4;+;4
4;emperor;4
4;want;4
4;evil;4
4;through;4
4;meeting;4
4;7;4
4;6;4
4;being;4
4;after;4
4;let’s;4
4;(Origin);4
4;5;4
4;so;4
4;Ghoul;4
4;Hiroto;4
4;over;3
4;Donations;3
4;7,;3
4;4,;3
4;21,;3
4;February;3
4;26,;3
4;5,;3
4;December;3
4;November;3
4;August;3
4;HOME;3
4;NEWS;3
4;CONTACT;3
4;US;3
4;Register;3
4;races;3
4;have;3
4;explanation;3
4;more;3
4;10;3
4;look;3
4;can’t;3
4;This;3
4;house;3
4;truth;3
4;darkness;3
4;wait;3
4;met;3
4;dreams;3
4;night;3
4;continue;3
4;visits;3
4;Part;3
4;her;3
4;In;3
4;mode;3
4;You;3
4;people;3
4;forces;3
4;plan;3
4;events;3
4;wants;3
4;face;3
4;remaining;3
4;report;3
4;Not;3
4;gods;3
4;become;3
4;without;3
4;now;3
4;Son;3
4;out;3
4;Is;3
4;there;3
4;threat;3
4;revenge;3
4;approaching;3
4;between;3
4;won’t;3
4;against;3
4;would;3
4;been;3
4;good;3
4;get;3
4;than;3
4;death;3
4;approach;3
4;only;3
4;Username;3
4;Email;3
4;Address;3
4;days;2
4;24,;2
4;6,;2
4;31,;2
4;30,;2
4;17,;2
4;8,;2
4;18,;2
4;22,;2
4;15,;2
4;1,;2
4;11,;2
4;October;2
4;16,;2
4;September;2
4;NOVELS;2
4;Action;2
4;Adventure;2
4;Drama;2
4;Ecchi;2
4;Fantasy;2
4;Mature;2
4;Tragedy;2
4;Read;2
4;Decrease;2
4;Reset;2
4;Increase;2
4;Adventurers’;2
4;Guild;2
4;Monster;2
4;Magic;2
4;Up;2
4;until;2
4;33;2
4;strange;2
4;true;2
4;enormous;2
4;Gods;2
4;sky;2
4;read;2
4;thunderclouds;2
4;32;2
4;screams;2
4;Vampires;2
4;peaceful;2
4;day;2
4;ones;2
4;lying;2
4;way;2
4;make;2
4;saved;2
4;31;2
4;city;2
4;crawl;2
4;echoing;2
4;food;2
4;cart;2
4;business;2
4;Charge!;2
4;starving;2
4;30;2
4;former;2
4;29;2
4;certain;2
4;if;2
4;conversation;2
4;Hard;2
4;both;2
4;worlds;2
4;28;2
4;reincarnation;2
4;kingdom;2
4;while;2
4;27;2
4;hero;2
4;return;2
4;growing;2
4;moving;2
4;mother;2
4;each;2
4;other;2
4;receive;2
4;ocean;2
4;26;2
4;Timeline;2
4;25;2
4;stronger,;2
4;individuals;2
4;their;2
4;illusion;2
4;gate;2
4;clearing;2
4;begins;2
4;two;2
4;capital;2
4;let;2
4;us;2
4;princess;2
4;form;2
4;chance;2
4;birth;2
4;standing;2
4;24;2
4;left;2
4;Luciliano’s;2
4;introduction;2
4;V7;2
4;birthday;2
4;Please;2
4;me;2
4;23;2
4;Fifteen;2
4;Evil-breaking;2
4;Swords;2
4;victory;2
4;22;2
4;take;2
4;battle;2
4;companions;2
4;great;2
4;going;2
4;21;2
4;V6;2
4;Mountains;2
4;eyes;2
4;Sword;2
4;dead;2
4;20;2
4;stage;2
4;set;2
4;19;2
4;18;2
4;I’ve;2
4;17;2
4;16;2
4;15;2
4;light;2
4;flying;2
4;Scylla;2
4;race;2
4;V5;2
4;14;2
4;section;2
4;13;2
4;12;2
4;watching;2
4;about;2
4;11;2
4;live;2
4;decision;2
4;go;2
4;V4;2
4;him;2
4;place;2
4;future;2
4;It;2
4;creating;2
4;making;2
4;village;2
4;fourth;2
4;If;2
4;years;2
4;V3;2
4;sounds;2
4;unpleasant;2
4;sun;2
4;instruments;2
4;cursed;2
4;beautiful;2
4;Divine;2
4;insects;2
4;What’s;2
4;then;2
4;think;2
4;Dragon;2
4;Golem;2
4;amount;2
4;Apparently;2
4;number;2
4;land;2
4;Dungeon;2
4;boss;2
4;into;2
4;yet;2
4;journey;2
4;Prophesized;2
4;once;2
4;noble;2
4;Life;2
4;Privacy;2
4;Policy;2
4;Log;2
4;His;2
4;girl;2
4;another;2
4;life,;2
4;wanting;2
4;reborn;2
4;Password;2
4;Want;1
4;support;1
4;Yoshi's;1
4;translations?;1
4;Head;1
4;ago;1
4;27,;1
4;13,;1
4;23,;1
4;14,;1
4;28,;1
4;12,;1
4;29,;1
4;20,;1
4;Advanced;1
4;Densuke;1
4;Latest;1
4;Last;1
4;Explanation;1
4;appeared;1
4;Ranks;1
4;consistency;1
4;230;1
4;ruler;1
4;statue;1
4;himself;1
4;built;1
4;229;1
4;gaze;1
4;chaos,;1
4;pretends;1
4;228;1
4;227;1
4;air;1
4;226;1
4;calm;1
4;225;1
4;Demiurge;1
4;grows;1
4;ground;1
4;when;1
4;summoned;1
4;God's;1
4;Will;1
4;224;1
4;echo,;1
4;223;1
4;destruction;1
4;joyful;1
4;party;1
4;welcomes;1
4;lost;1
4;lambs;1
4;222;1
4;toy;1
4;Guduranis;1
4;221;1
4;‘city’;1
4;220;1
4;manipulates;1
4;shadows;1
4;shine;1
4;219;1
4;puppets;1
4;218;1
4;buried;1
4;217;1
4;labyrinth;1
4;216;1
4;Beyond;1
4;door;1
4;215;1
4;artificial;1
4;limbs;1
4;one’s;1
4;own;1
4;214;1
4;believe;1
4;Ties;1
4;obligation;1
4;come;1
4;213;1
4;persistent;1
4;gives;1
4;212;1
4;encroachment;1
4;Morksi;1
4;211;1
4;210;1
4;209;1
4;You're;1
4;dinner?!;1
4;208;1
4;week;1
4;207;1
4;truly;1
4;206;1
4;wolf;1
4;opening;1
4;205;1
4;mutation;1
4;come!;1
4;204;1
4;Towards;1
4;temporary;1
4;registration;1
4;idol;1
4;likes;1
4;determination;1
4;slaves;1
4;203;1
4;city,;1
4;happened;1
4;202;1
4;draw?;1
4;huge;1
4;defeat?;1
4;201;1
4;confirmed;1
4;defeat;1
4;200;1
4;something;1
4;very;1
4;important;1
4;199;1
4;Meanwhile;1
4;Origin,;1
4;absence;1
4;198;1
4;Winter;1
4;season;1
4;meetings;1
4;farewells;1
4;197;1
4;steps;1
4;Mother;1
4;Killers,;1
4;spirited;1
4;away;1
4;196;1
4;Blood,;1
4;blessings;1
4;curse;1
4;bears;1
4;fruit;1
4;195;1
4;Squeezing;1
4;information;1
4;hyena;1
4;supplying;1
4;194;1
4;Encroaching;1
4;humming;1
4;tune;1
4;193;1
4;finally;1
4;faces;1
4;King,;1
4;suspicions;1
4;deepen;1
4;192;1
4;Mother’s;1
4;family?;1
4;191;1
4;accomplished;1
4;190;1
4;Storm;1
4;eclipse;1
4;189;1
4;storm,;1
4;son,;1
4;join;1
4;188;1
4;fragments;1
4;187;1
4;expanding;1
4;refuses;1
4;strike;1
4;186;1
4;resurrection;1
4;185;1
4;passing;1
4;184;1
4;champion’s;1
4;wish;1
4;echoes;1
4;eclipse’s;1
4;blessing;1
4;183;1
4;vs.;1
4;above;1
4;water’s;1
4;surface;1
4;182;1
4;Name:;1
4;Cuatro;1
4;separate;1
4;groups;1
4;individuals...;1
4;181;1
4;midwinter;1
4;180;1
4;Posing;1
4;say;1
4;negotiations;1
4;possible;1
4;179;1
4;mother-daughter;1
4;reunion;1
4;part;1
4;Race;1
4;introductions;1
4;grow;1
4;bloodline;1
4;message;1
4;178;1
4;Gestation;1
4;movements;1
4;factions;1
4;177;1
4;root;1
4;176;1
4;Gufadgarn,;1
4;labyrinths;1
4;175;1
4;There;1
4;some;1
4;forgiven;1
4;174;1
4;pass;1
4;stand;1
4;173;1
4;false;1
4;image;1
4;self;1
4;172;1
4;escape;1
4;world!;1
4;171;1
4;scream;1
4;170;1
4;lead;1
4;follow;1
4;169;1
4;Trial;1
4;Zakkart;1
4;168;1
4;trial;1
4;167;1
4;small;1
4;tasks;1
4;166;1
4;lawless;1
4;area;1
4;165;1
4;Improve;1
4;yourself;1
4;compete;1
4;164;1
4;marshal’s;1
4;worries;1
4;163;1
4;emperor's;1
4;coronation;1
4;162;1
4;Vandalieu;1
4;gazes;1
4;distant;1
4;past;1
4;161;1
4;goddess;1
4;160;1
4;path;1
4;continues;1
4;dream;1
4;159;1
4;Nation;1
4;continued;1
4;158;1
4;troubled;1
4;Perseus;1
4;157;1
4;Kijin;1
4;kindred-spirit;1
4;156;1
4;queen;1
4;bee;1
4;purgatory,;1
4;Six;1
4;Horn;1
4;Battle-Demons;1
4;Rising;1
4;west;1
4;setting;1
4;east;1
4;155;1
4;Bone;1
4;Blades;1
4;ten;1
4;154;1
4;Severed;1
4;bonds;1
4;Kasim’s;1
4;spring;1
4;Arachne,;1
4;Empusa;1
4;Majin;1
4;Extra;1
4;153;1
4;empire’s;1
4;strategy;1
4;celebration;1
4;152;1
4;borrow;1
4;moment;1
4;151;1
4;appetizer;1
4;150;1
4;Don’t;1
4;underestimate;1
4;human;1
4;strength!;1
4;149;1
4;warning;1
4;becomes;1
4;silent;1
4;Reincarnated;1
4;here;1
4;there,;1
4;148;1
4;147;1
4;audience;1
4;suggestion;1
4;delicious;1
4;snack;1
4;146;1
4;Our;1
4;ordinary;1
4;145;1
4;monster;1
4;144;1
4;Ravovifard’s;1
4;143;1
4;demon,;1
4;told;1
4;sixth;1
4;individual;1
4;142;1
4;working;1
4;conquering;1
4;it,;1
4;empire;1
4;141;1
4;Strong;1
4;meat;1
4;offering;1
4;140;1
4;Survival;1
4;fittest;1
4;139;1
4;People;1
4;need;1
4;leave;1
4;138;1
4;decisive;1
4;Zozogante’s;1
4;Great;1
4;Forest;1
4;137;1
4;shocking;1
4;revealed;1
4;136;1
4;king,;1
4;prince;1
4;135;1
4;trials,;1
4;gather;1
4;what;1
4;needed;1
4;134;1
4;Visit;1
4;Zanalpadna;1
4;133;1
4;Princess;1
4;Kurnelia’s;1
4;vi~sit~;1
4;132;1
4;anyone;1
4;equivalent;1
4;A-class;1
4;adventurer;1
4;present?;1
4;131;1
4;spider-san’s;1
4;request;1
4;kill;1
4;individuals’;1
4;counseling;1
4;130;1
4;southern;1
4;region,;1
4;spider-san;1
4;edge;1
4;forest;1
4;129;1
4;heroes;1
4;comforting;1
4;bodies;1
4;128;1
4;leaping;1
4;sphere;1
4;flesh;1
4;127;1
4;moved;1
4;126;1
4;How;1
4;counter;1
4;cheat-like;1
4;ability;1
4;cardiopulmonary;1
4;arrest;1
4;125;1
4;heaven;1
4;way.;1
4;And;1
4;scythe;1
4;raised;1
4;124;1
4;determination,;1
4;hound’s;1
4;glory,;1
4;lips;1
4;arc;1
4;123;1
4;They’re;1
4;coming!;1
4;But;1
4;prioritize;1
4;south;1
4;122;1
4;closing;1
4;121;1
4;meaty;1
4;visitor;1
4;mastermind;1
4;reveals;1
4;himself,;1
4;Lambda;1
4;(From;1
4;Origin;1
4;Lambda);1
4;blind;1
4;eye;1
4;turned;1
4;won;1
4;Chain;1
4;Preliminary;1
4;encounter;1
4;Heinz;1
4;120;1
4;ruler,;1
4;119;1
4;sends;1
4;Interview;1
4;Lower;1
4;Epilogue;1
4;Luciliano's;1
4;Upper;1
4;afar,;1
4;others;1
4;118;1
4;Objectives;1
4;70%;1
4;complete;1
4;117;1
4;Dear;1
4;younger;1
4;brother;1
4;116;1
4;final;1
4;almost-forgotten;1
4;knight;1
4;115;1
4;Plunderer;1
4;114;1
4;Trojan;1
4;horse;1
4;whose;1
4;hand;1
4;113;1
4;Target;1
4;Booking;1
4;(Earth,;1
4;Origin);1
4;112;1
4;Q:;1
4;prisoner?;1
4;A:;1
4;No,;1
4;bait.;1
4;111;1
4;other’s;1
4;talk;1
4;110;1
4;Tentacle;1
4;109;1
4;108;1
4;history;1
4;107;1
4;Lucky;1
4;sukebes;1
4;suckers;1
4;106;1
4;Regarding;1
4;difficulty;1
4;communication;1
4;105;1
4;person;1
4;escorted;1
4;104;1
4;There’s;1
4;done,;1
4;rice;1
4;103;1
4;disappointed;1
4;half-Vampire;1
4;mad;1
4;Pure-Breed;1
4;Vampire;1
4;Rodcorte;1
4;two’s;1
4;102;1
4;101;1
4;ceiling;1
4;100;1
4;Dungeon-clearing;1
4;effective;1
4;back;1
4;pain;1
4;99;1
4;changing;1
4;omens;1
4;citizens;1
4;98;1
4;guides;1
4;97;1
4;Cream;1
4;Expedition’s;1
4;conclusion!;1
4;Everyday;1
4;Talosheim;1
4;western;1
4;region;1
4;continent;1
4;Thinking;1
4;faraway;1
4;96;1
4;poorly-ending;1
4;conspiracy;1
4;plans;1
4;95;1
4;Fire;1
4;94;1
4;half-Vampire’s;1
4;visit;1
4;conquer;1
4;monkey;1
4;93;1
4;give;1
4;92;1
4;troops;1
4;led;1
4;herbivorous;1
4;vs;1
4;Red;1
4;Wolf;1
4;Knights';1
4;Order;1
4;91;1
4;happened,;1
4;but...;1
4;90;1
4;go,;1
4;sorry;1
4;bastards!;1
4;89;1
4;Acquiring;1
4;milk;1
4;88;1
4;pulls;1
4;strings;1
4;87;1
4;Actually,;1
4;currency;1
4;86;1
4;Orchard;1
4;85;1
4;84;1
4;don’t;1
4;move…;1
4;they’re;1
4;simpler;1
4;83;1
4;difference;1
4;requests;1
4;selection;1
4;82;1
4;shadow;1
4;gnawing;1
4;slave-run;1
4;mine;1
4;81;1
4;sunken;1
4;duke;1
4;visiting;1
4;cultivation;1
4;again;1
4;80;1
4;comes;1
4;79;1
4;Fanning;1
4;flames;1
4;underground;1
4;graveyard;1
4;78;1
4;departing;1
4;ominous;1
4;bird;1
4;covers;1
4;its;1
4;trail;1
4;secretly;1
4;threatens;1
4;77;1
4;Abandoning;1
4;duchy,;1
4;unable;1
4;forgive;1
4;76;1
4;To;1
4;adventurers;1
4;75;1
4;local;1
4;criminal;1
4;syndicate;1
4;74;1
4;Smooth;1
4;flight;1
4;sky,;1
4;eating;1
4;various;1
4;73;1
4;Scum;1
4;afar;1
4;scoundrel;1
4;lurking;1
4;nearby;1
4;72;1
4;71;1
4;there’s;1
4;eat,;1
4;eat;1
4;Goblins,;1
4;you?;1
4;70;1
4;peculiar,;1
4;sharp-tongued,;1
4;beast;1
4;(7;1
4;old);1
4;69;1
4;Making;1
4;someone’s;1
4;68;1
4;Hartner;1
4;Duchy;1
4;gone;1
4;decline;1
4;Kaidou;1
4;Kanata;1
4;67;1
4;mission;1
4;Good;1
4;afternoon,;1
4;66;1
4;bell;1
4;signaling;1
4;clear,;1
4;Vida;1
4;S-class;1
4;adventurer…;1
4;conspiracies;1
4;parties;1
4;65;1
4;Now;1
4;then,;1
4;please;1
4;pay;1
4;compulsory;1
4;fee;1
4;goods;1
4;64;1
4;Play;1
4;sing;1
4;gloomy,;1
4;marching;1
4;song;1
4;63;1
4;Ah,;1
4;sound;1
4;sweet.;1
4;62;1
4;play;1
4;melody;1
4;throes;1
4;using;1
4;disease,;1
4;weapons;1
4;61;1
4;prelude,;1
4;played;1
4;dissonance;1
4;percussion;1
4;60;1
4;conductors;1
4;performers;1
4;headed;1
4;59;1
4;marshal;1
4;58;1
4;toiling;1
4;soldiers;1
4;serving;1
4;women;1
4;57;1
4;crowned,;1
4;saint;1
4;receives;1
4;Message;1
4;56;1
4;crowned;1
4;result;1
4;Mayonnaise;1
4;Meeting;1
4;55;1
4;Sometime;1
4;autumn,;1
4;drawn;1
4;54;1
4;They;1
4;playfully;1
4;bitten;1
4;forests;1
4;53;1
4;horns;1
4;war;1
4;still;1
4;distant,;1
4;fighting;1
4;must;1
4;gathered;1
4;steadily;1
4;eleven;1
4;52;1
4;impossible;1
4;impossible.;1
4;So;1
4;method;1
4;possible.;1
4;V1+2;1
4;Realm;1
4;51;1
4;You’re;1
4;50;1
4;seventy;1
4;percent;1
4;destroyed;1
4;49;1
4;mid-boss;1
4;unfulfilling,;1
4;next;1
4;48;1
4;seems;1
4;47;1
4;launch;1
4;high;1
4;bloodthirst;1
4;46;1
4;Preparing;1
4;defenses;1
4;desperate;1
4;mind;1
4;45;1
4;44;1
4;completely__;1
4;no;1
4;43;1
4;Something;1
4;run;1
4;from,;1
4;disobeyed,;1
4;doesn’t;1
4;exist;1
4;42;1
4;Shadows;1
4;unrest;1
4;unseen;1
4;41;1
4;step;1
4;rushing;1
4;40;1
4;Human;1
4;society;1
4;shape,;1
4;importantly,;1
4;seaweed;1
4;39;1
4;With;1
4;honor;1
4;fame,;1
4;successor.;1
4;That’s;1
4;kind;1
4;nobleman;1
4;be.;1
4;38;1
4;disappointing;1
4;37;1
4;Can;1
4;called;1
4;Dungeon?;1
4;36;1
4;Spartan;1
4;training;1
4;supported;1
4;praise;1
4;35;1
4;born,;1
4;adjust;1
4;our;1
4;living;1
4;environment;1
4;34;1
4;My;1
4;getting;1
4;Job,;1
4;resolve;1
4;self-discovery;1
4;Rank;1
4;Forced;1
4;white.;1
4;resting,;1
4;again?;1
4;fine;1
4;Black;1
4;One-Armed;1
4;conditions;1
4;which;1
4;objective;1
4;achieved;1
4;land.;1
4;am;1
4;Overcoming;1
4;difficulties,;1
4;carriage,;1
4;pushing;1
4;mountains;1
4;I,;1
4;allies;1
4;enemies;1
4;stopped;1
4;we;1
4;start;1
4;learn;1
4;age,;1
4;During;1
4;aftermath;1
4;war,;1
4;followers;1
4;increases;1
4;unsightly,;1
4;humorous;1
4;fight;1
4;Let;1
4;smash;1
4;pigs’;1
4;noses;1
4;Carrying;1
4;dirty;1
4;attack;1
4;begun;1
4;moving,;1
4;preparations;1
4;anyway;1
4;He;1
4;supposed;1
4;because;1
4;skills.;1
4;Skills;1
4;half-vampire;1
4;solving;1
4;problem;1
4;declining;1
4;rates;1
4;pig-man;1
4;burning;1
4;ambition;1
4;lessons;1
4;applying;1
4;anti-aging;1
4;teacher;1
4;surprises;1
4;shorten;1
4;lifespan;1
4;too;1
4;much;1
4;Carnival;1
4;community;1
4;Did;1
4;you’d;1
4;girl?;1
4;Armor;1
4;hands,;1
4;speaking;1
4;Encountering;1
4;optional;1
4;challenging;1
4;Unlasting;1
4;complete,;1
4;now,;1
4;work;1
4;hard;1
4;Bandits;1
4;provide;1
4;leveling;1
4;experience;1
4;idea:;1
4;can't;1
4;around;1
4;should;1
4;stronger;1
4;instead.;1
4;Love;1
4;hikikomori;1
4;six;1
4;months;1
4;old;1
4;begins,;1
4;insanity;1
4;takes;1
4;Beginning;1
4;Third;1
4;Time;1
4;0;1
4;Login;1
4;Comedy;1
4;Cooking;1
4;Detective;1
4;Harem;1
4;Historical;1
4;Horror;1
4;Martial;1
4;Arts;1
4;Mecha;1
4;Modern;1
4;Mystery;1
4;One;1
4;shot;1
4;Romance;1
4;School;1
4;Sci-fi;1
4;Slice;1
4;Sports;1
4;Supernatural;1
4;Cookie;1
4;wpDiscuz;1
4;Ok;1
4;No;1
4;policy;1
4;Amamiya;1
4;unlucky.;1
4;consisted;1
4;misfortune;1
4;misfortune,;1
4;culminating;1
4;unlucky;1
4;during;1
4;incident;1
4;school;1
4;boat;1
4;trip,;1
4;trying;1
4;save;1
4;barely;1
4;knew.;1
4;After;1
4;death,;1
4;requested;1
4;hundred;1
4;passengers—one;1
4;them;1
4;tried;1
4;vain;1
4;save—be;1
4;world.;1
4;Yet;1
4;series;1
4;unfortunate;1
4;forced;1
4;reincarnate;1
4;less;1
4;luck;1
4;before,;1
4;starting;1
4;tremendous;1
4;Mana.;1
4;far;1
4;worse;1
4;first,;1
4;came;1
4;cruel;1
4;end.;1
4;However,;1
4;upon;1
4;time,;1
4;informed;1
4;reincarnation—one;1
4;had;1
4;already;1
4;motion;1
4;could;1
4;not;1
4;stopped.;1
4;endure;1
4;filled;1
4;suffering,;1
4;hopes;1
4;either;1
4;die;1
4;quickly;1
4;commit;1
4;suicide.;1
4;half-vampire,;1
4;half-dark;1
4;elf.;1
4;dhampir.;1
4;determined;1
4;previous;1
4;lives—Death;1
4;Mana;1
4;pool.;1
4;Translator:;1
4;Yoshi;1
4;Editors:;1
4;Sebas;1
4;Tian,;1
4;Dakarans,;1
4;Tahaku,;1
4;Brinator;1
4;Praise;1
4;newly;1
4;translated;1
4;older;1
4;volume?;1
4;Just;1
4;letting;1
4;guys;1
4;know,;1
4;really;1
4;appreciate;1
4;translating;1
4;this.;1
4;Thanks;1
4;Copyright;1
4;©;1
4;LNB.;1
4;All;1
4;rights;1
4;reserved;1
4;Remember;1
4;Me;1
4;For;1
4;Site.;1
4;|;1
4;enter;1
4;username;1
4;email;1
4;address.;1
4;link;1
4;create;1
4;password;1
4;via;1
4;email.;1
3;Chapter;108
3;no;41
3;the;34
3;Vol.;30
3;The;27
3;1;18
3;of;16
3;wa;16
3;ni;15
3;a;15
3;and;15
3;to;13
3;I;13
3;Manga;11
3;MangaDex;9
3;in;9
3;Isekai;8
3;Scans;8
3;4;8
3;24;8
3;wo;8
3;3;7
3;o;7
3;Gun;7
3;9.27;7
3;hrs;7
3;Users;6
3;2;6
3;8;6
3;Life;6
3;Ore;6
3;15;6
3;Thread;6
3;Military;6
3;Affairs;6
3;Collection.;6
3;Oneshot;6
3;6;5
3;Love;5
3;No;5
3;10;5
3;ga;5
3;Tensei;5
3;Top;5
3;-;5
3;we;5
3;Follows;4
3;Community;4
3;Rules;4
3;29;4
3;Kanojo,;4
3;Okarishimasu;4
3;Ganbare,;4
3;Douki-chan;4
3;25;4
3;Saikyou;4
3;wa,;4
3;de;4
3;Suru;4
3;20;4
3;Slogans;4
3;strongest;4
3;Kaguya-sama;4
3;Kokurasetai:;4
3;Tensai-tachi;4
3;Renai;4
3;Zunousen;4
3;Nai;4
3;Comic;4
3;Anthology;4
3;9.28;4
3;will;4
3;are;4
3;always;4
3;is;4
3;have;4
3;Forums;3
3;Discord;3
3;Twitter;3
3;Reddit;3
3;About;3
3;log;3
3;A;3
3;32;3
3;Sensei,;3
3;Kamawazu;3
3;Itte;3
3;Kudasai!!;3
3;scans;3
3;Hunter;3
3;World;3
3;Oversimplified;3
3;SCP;3
3;5;3
3;~;3
3;147;3
3;with;3
3;at;3
3;Sword;3
3;17;3
3;Mahou;3
3;Will;3
3;for;3
3;Contract;3
3;7;3
3;One;3
3;Kishi;3
3;Adventure;3
3;shite;3
3;I'm;3
3;money,;3
3;only;3
3;so;3
3;this;3
3;need;3
3;one;3
3;Titles;2
3;Updates;2
3;Search;2
3;Featured;2
3;Random;2
3;Add;2
3;Groups;2
3;Tumblr;2
3;IRC;2
3;Info;2
3;Stats;2
3;Change;2
3;Affiliates;2
3;Guest;2
3;Log;2
3;Sign;2
3;up;2
3;All;2
3;Beware;2
3;Villainess!;2
3;27;2
3;Group;2
3;You;2
3;Translations;2
3;Scan;2
3;Witch;2
3;Slime;2
3;18;2
3;Translation;2
3;na;2
3;group;2
3;Scanlations;2
3;12;2
3;Villain;2
3;Fansub;2
3;Reaper_Scans;2
3;do;2
3;Gyaru;2
3;Why;2
3;Boku;2
3;Fukushuu;2
3;Koinegau;2
3;Yuusha;2
3;Yami;2
3;Chikara;2
3;Senmetsu;2
3;Musou;2
3;74;2
3;Maou;2
3;Is;2
3;26.9;2
3;King;2
3;3.1;2
3;Makikomarete;2
3;Teni;2
3;suru;2
3;Yatsu;2
3;Taitei;2
3;Cheat;2
3;25.1;2
3;Tochi;2
3;Katte;2
3;Noujou;2
3;Tsukurou;2
3;141;2
3;23;2
3;Monster;2
3;Princess;2
3;Promo;2
3;Koi;2
3;50;2
3;Punch-Man;2
3;132;2
3;Komi-san;2
3;Komyushou;2
3;Desu.;2
3;258;2
3;39.5;2
3;ga,;2
3;Kusuriya;2
3;Hitorigoto;2
3;36;2
3;13;2
3;Who;2
3;33;2
3;98;2
3;Gokushufudou:;2
3;Way;2
3;House;2
3;Husband;2
3;ka?;2
3;mo;2
3;pandascepter;2
3;Abridged;2
3;Advices;2
3;from;2
3;Write;2
3;Title;2
3;Chief;2
3;Mieko;2
3;Succubus-chan;2
3;Futanari;2
3;Namiuchigiwa;2
3;Muromi-san;2
3;Ojisan;2
3;Misetagari;2
3;Tsuyuno-chan;2
3;Otome;2
3;Game;2
3;Hametsu;2
3;Flag;2
3;shika;2
3;nai;2
3;Akuyaku;2
3;Reijou;2
3;shimatta...;2
3;Hachinan;2
3;tte,;2
3;Sore;2
3;Deshou!;2
3;Tsugumomo;2
3;Gleipnir;2
3;Yahari;2
3;Seishun;2
3;Come;2
3;Machigatteiru;2
3;-Monologue-;2
3;Guns;2
3;Tower;2
3;God;2
3;Toaru;2
3;Kagaku;2
3;Railgun;2
3;Kingdom;2
3;Yesterday;2
3;Utatte;2
3;Kakushigoto;2
3;Houkago;2
3;Teibou;2
3;Nisshi;2
3;Arte;2
3;Art;2
3;Online;2
3;Project;2
3;Alicization;2
3;Waves,;2
3;Listen;2
3;Me!;2
3;Shokugeki;2
3;Soma;2
3;Tamayomi;2
3;Olympic;2
3;Circles;2
3;Fruits;2
3;Basket;2
3;Another;2
3;Shadowverse;2
3;Dengeki;2
3;BanG;2
3;Dream!;2
3;Garupa☆PICO;2
3;Digimon;2
3;Honzuki;2
3;Gekokujou;2
3;~Shisho;2
3;Naru;2
3;Tame;2
3;Shudan;2
3;Erandeiraremasen~;2
3;Dai;2
3;1-bu;2
3;「Hon;2
3;nara;2
3;Tsukureba;2
3;Ii!」;2
3;Jashin-chan;2
3;Dropkick;2
3;Plunderer;2
3;Sakura;2
3;Taisen;2
3;IDOLiSH7;2
3;Major;2
3;2nd;2
3;Hundred-Color;2
3;Toolbox;2
3;Uneven;2
3;Tunnel;2
3;Iceblade;2
3;Magician;2
3;Over;2
3;Ex-Girlfriend;2
3;Soldier;2
3;I'll;2
3;Do;2
3;That;2
3;Marriage;2
3;Seduce;2
3;Northern;2
3;Duke;2
3;Unsound;2
3;Relationship;2
3;Yandere;2
3;Miko-chan;2
3;an;2
3;Path;2
3;Network;2
3;sdbx.moe;2
3;20,660;2
3;73,853;2
3;77,681;2
3;7,669;2
3;9.03;2
3;8.90;2
3;Prince;2
3;help;2
3;you;2
3;@pandascepter;2
3;(image);2
3;like;2
3;me;2
3;our;2
3;more;2
3;any;2
3;though;2
3;about;2
3;Also;2
3;it's;2
3;my;2
3;was;2
3;because;2
3;it,;2
3;least).;2
3;8.66;2
3;Oneshot5;2
3;|;2
3;Tutorial;1
3;Latest;1
3;updates;1
3;GOBLIN'S;1
3;DREAM;1
3;Grandmaster;1
3;Demonic;1
3;Cultivation;1
3;16;1
3;Lan;1
3;Smartphone;1
3;Tomo;1
3;ni.;1
3;26;1
3;Mangas;1
3;For;1
3;Spicy;1
3;Female;1
3;Boss;1
3;Twilight;1
3;Goodbye,;1
3;In-law;1
3;Solace;1
3;Hagure;1
3;Idol;1
3;Jigokuhen;1
3;Silence;1
3;Concrete;1
3;Garden;1
3;Obsession;1
3;Office;1
3;Falls;1
3;Red;1
3;Gemelli;1
3;Shidenkai;1
3;Maki;1
3;Yuru;1
3;Camp;1
3;Latinoamérica;1
3;96;1
3;SKT;1
3;MUSHINUYUN;1
3;AloneSCAN;1
3;Scanlation;1
3;New;1
3;Employee;1
3;beta;1
3;Tasogare;1
3;Memorandum;1
3;8.2;1
3;GlassChair;1
3;Nighter;1
3;Joshikousei;1
3;Seishokusha-san;1
3;Romance;1
3;Nanako-san;1
3;Teki;1
3;Nichijou;1
3;Beastars;1
3;183;1
3;cchill889;1
3;Burning;1
3;Effect;1
3;90;1
3;Gay;1
3;Ops;1
3;Hydrangea;1
3;Cage;1
3;Daddy's;1
3;Destined;1
3;Pair?;1
3;Disagree!;1
3;0;1
3;Haengbogku;1
3;133;1
3;Shurim's;1
3;3am;1
3;Natural;1
3;Dayment;1
3;Omniscient;1
3;Reader's;1
3;Viewpoint;1
3;Pitagora;1
3;Reverse;1
3;kingdomscan's;1
3;This;1
3;Last;1
3;Boss,;1
3;Church;1
3;Front;1
3;Devil's;1
3;Castle;1
3;Kami;1
3;Hired;1
3;by;1
3;Highschool;1
3;Eromanga;1
3;Artist;1
3;Saturn;1
3;Overgeared;1
3;Kuro;1
3;Gyaru-san;1
3;Kuru!;1
3;Fim;1
3;mundo;1
3;traduções;1
3;Vampire;1
3;Heart;1
3;Pvo;1
3;subs;1
3;Seikatsu;1
3;Majidarui;1
3;Ukraine_translate;1
3;Black;1
3;Cat;1
3;Enen;1
3;Shouboutai;1
3;225;1
3;Empera;1
3;Abyss;1
3;Moon;1
3;Sun;1
3;King:;1
3;My;1
3;Salvation;1
3;Rumpi;1
3;Potato;1
3;Reason;1
3;Raeliana;1
3;Ended;1
3;Up;1
3;Duke's;1
3;Mansion;1
3;97;1
3;Mumu-san.blog;1
3;Glory;1
3;Kanojo;1
3;Naritai;1
3;Kimi;1
3;47;1
3;Hachimitsu;1
3;Inso's;1
3;Law;1
3;Mangasina;1
3;Positively;1
3;Yours;1
3;Runnos;1
3;Senpai;1
3;Torinikiteru;1
3;Daisuki;1
3;Itoshi;1
3;Ko,;1
3;Charlotte;1
3;Dotachin;1
3;Scanlator;1
3;Blood;1
3;Strangers;1
3;Lady;1
3;Amira;1
3;login;1
3;chapters;1
3;6h;1
3;24h;1
3;7d;1
3;Fechippuru;1
3;~Our;1
3;Innocent;1
3;Love~;1
3;Majutsushi;1
3;Ningen;1
3;datta;1
3;Shijou;1
3;Kenshi,;1
3;F;1
3;Rank;1
3;Boukensha;1
3;Kensei;1
3;Matei,;1
3;Tsu;1
3;Zense;1
3;motta;1
3;Otoko;1
3;Eiyuutan;1
3;Dosanko;1
3;Mega;1
3;Cute;1
3;Cave;1
3;Live;1
3;Paradise;1
3;Good;1
3;Match;1
3;Tyrant;1
3;Karakai;1
3;Jouzu;1
3;(Moto);1
3;Takagi-san;1
3;Onizuka-chan;1
3;Sawarida-kun;1
3;Ride-On;1
3;Duchess;1
3;Wotaku;1
3;Muzukashii;1
3;Shingeki;1
3;Eroko-san;1
3;Mato;1
3;Seihei;1
3;Slave;1
3;Dorei;1
3;Elf;1
3;Yome;1
3;Shitanda;1
3;Dou;1
3;Medereba;1
3;ii?;1
3;S-Rank;1
3;Behemoth;1
3;Dakedo,;1
3;Neko;1
3;Machigawarete;1
3;Erufu;1
3;Musume;1
3;(Pet);1
3;Toshite;1
3;Kurashitemasu;1
3;Story;1
3;Grandpa;1
3;Grandma;1
3;Returned;1
3;Back;1
3;Their;1
3;Youth;1
3;Pseudo;1
3;Harem;1
3;Wordpress;1
3;Reading;1
3;history;1
3;Rating;1
3;Solo;1
3;Leveling;1
3;Shitara;1
3;Datta;1
3;Ken;1
3;Kage;1
3;Jitsuryokusha;1
3;Naritakute;1
3;Ijiranaide,;1
3;Nagatoro-san;1
3;Kimetsu;1
3;Yaiba;1
3;Kumo;1
3;Desu;1
3;Nani;1
3;Sono;1
3;Bisque;1
3;Doll;1
3;Sousou;1
3;Frieren;1
3;Made;1
3;Me;1
3;JoJo's;1
3;Bizarre;1
3;Part;1
3;Steel;1
3;Ball;1
3;Run;1
3;(Official;1
3;Colored);1
3;Umarekawatte;1
3;mata,;1
3;Watashi;1
3;Kekkon;1
3;kuremasu;1
3;Akatsuki;1
3;Yona;1
3;Jumyou;1
3;Kaitotte;1
3;Moratta.;1
3;Ichinen;1
3;Tsuki,;1
3;Ichimanen;1
3;de.;1
3;Piece;1
3;Dungeon;1
3;Meshi;1
3;richman;1
3;vgperson;1
3;BlackGeneral;1
3;Cavans99;1
3;User1898;1
3;make;1
3;account;1
3;MikuDex;1
3;20,618;1
3;18,818;1
3;12,628;1
3;11,670;1
3;11,623;1
3;11,551;1
3;9,854;1
3;6,846;1
3;6,838;1
3;5,076;1
3;27,658;1
3;25,084;1
3;22,983;1
3;20,837;1
3;19,887;1
3;17,741;1
3;16,390;1
3;16,382;1
3;16,011;1
3;208,755;1
3;51,002;1
3;50,609;1
3;45,923;1
3;45,111;1
3;43,105;1
3;41,838;1
3;41,779;1
3;41,671;1
3;106,576;1
3;16,778;1
3;100,055;1
3;9,218;1
3;90,663;1
3;9.14;1
3;8,093;1
3;84,540;1
3;9.11;1
3;9,291;1
3;8.96;1
3;5,976;1
3;72,691;1
3;8.55;1
3;5,749;1
3;71,966;1
3;7,188;1
3;68,885;1
3;8.93;1
3;5,290;1
3;66,524;1
3;4,609;1
3;9.31;1
3;3,698;1
3;25,590;1
3;9.29;1
3;4,360;1
3;39,902;1
3;3,926;1
3;16,599;1
3;847;1
3;10,236;1
3;1,627;1
3;20,396;1
3;7,132;1
3;23,766;1
3;4,663;1
3;41,080;1
3;3,348;1
3;38,312;1
3;4,421;1
3;44,702;1
3;Mecha;1
3;Get;1
3;robot;1
3;or;1
3;keep;1
3;crying;1
3;corner;1
3;Some;1
3;Nigeria;1
3;sponsors;1
3;want;1
3;know;1
3;your;1
3;location;1
3;first.;1
3;know,;1
3;Soba;1
3;lot,;1
3;him;1
3;same,;1
3;try;1
3;best;1
3;miserably;1
3;fail.;1
3;@richman;1
3;yeee,;1
3;there's;1
3;some;1
3;tank;1
3;art;1
3;left......;1
3;wait;1
3;till;1
3;tomorrow;1
3;okie....;1
3;Don't;1
3;drink;1
3;bleach.;1
3;Necro;1
3;Resurrecting;1
3;dead;1
3;threads;1
3;not;1
3;game;1
3;kids.;1
3;Sadly,;1
3;mexican;1
3;army;1
3;doesn't;1
3;many;1
3;recognizable;1
3;achievements,;1
3;couple;1
3;battles;1
3;noteworthy,;1
3;don't;1
3;units;1
3;(other;1
3;than;1
3;WW2;1
3;fighter;1
3;squadron);1
3;that;1
3;famous;1
3;Polish;1
3;Winged;1
3;Hussars.;1
3;We;1
3;everyone;1
3;when;1
3;emergency;1
3;strikes,;1
3;tho,;1
3;take;1
3;pride;1
3;small;1
3;victories.;1
3;More;1
3;tanks;1
3;please!;1
3;Okay;1
3;Guys,;1
3;all;1
3;lot;1
3;Sponsors.;1
3;Kanye;1
3;West,;1
3;Helon;1
3;Musk,;1
3;Putin.;1
3;They;1
3;wealthiest;1
3;weebs;1
3;know.;1
3;weeb;1
3;deity;1
3;crown;1
3;King.;1
3;vgperson,;1
3;Goddess;1
3;Scanlation.;1
3;If;1
3;better;1
3;propositions...;1
3;@BlackGeneral;1
3;Morally,;1
3;forbidden.;1
3;Ethically,;1
3;decision.;1
3;What;1
3;frick;1
3;am;1
3;doing;1
3;life...?;1
3;Very;1
3;creepy.;1
3;Yes;1
3;Aomushi!!;1
3;Damn;1
3;resolve;1
3;bitch;1
3;protagonist;1
3;But;1
3;maybe;1
3;It’ll;1
3;change;1
3;next;1
3;chapter.;1
3;Haha;1
3;hope;1
3;folks;1
3;@Cavans99;1
3;who’s;1
3;“fish”;1
3;?;1
3;@User1898;1
3;here;1
3;Viz;1
3;really;1
3;mishandled;1
3;manga.;1
3;Whoever;1
3;translating;1
3;should;1
3;be;1
3;crucified.;1
3;quality;1
3;bad?;1
3;Did;1
3;compile;1
3;images;1
3;as;1
3;low;1
3;size;1
3;jpegs?;1
3;I’ve;1
3;been;1
3;waiting;1
3;forever.;1
3;Everytime;1
3;read;1
3;it;1
3;gets;1
3;DROPPED!;1
3;Truly;1
3;underrated;1
3;story;1
3;pleasantly;1
3;surprised.;1
3;Glasses;1
3;everywhere,;1
3;including;1
3;attractive;1
3;meganekko;1
3;(well,;1
3;real;1
3;Lots;1
3;gaming;1
3;references;1
3;actually;1
3;get;1
3;Sega.;1
3;Main;1
3;character;1
3;exceedingly;1
3;relatable;1
3;(for;1
3;Savagely;1
3;deconstructs;1
3;isekai;1
3;genre.;1
3;Fuck-tons;1
3;wonderful;1
3;schadenfreude.;1
3;9/10.;1
3;rate;1
3;10.;1
3;It's;1
3;fetish.;1
3;Holy;1
3;fucking;1
3;shit,;1
3;how;1
3;fuck;1
3;did;1
3;just;1
3;now;1
3;find;1
3;this!?;1
3;57,953;1
3;59,584;1
3;9.19;1
3;30,928;1
3;6.88;1
3;31,762;1
3;8.43;1
3;25,918;1
3;7.91;1
3;15,150;1
3;10,319;1
3;8.53;1
3;12,000;1
3;8.70;1
3;23,157;1
3;9.23;1
3;5,554;1
3;8.15;1
3;6,391;1
3;8.57;1
3;4,723;1
3;8.47;1
3;10,891;1
3;8.98;1
3;3,659;1
3;6.23;1
3;2,486;1
3;8.10;1
3;18,552;1
3;7.25;1
3;1,841;1
3;8.09;1
3;1,103;1
3;8.03;1
3;1,939;1
3;8.02;1
3;698;1
3;7.88;1
3;690;1
3;8.14;1
3;439;1
3;7.52;1
3;31,265;1
3;9,011;1
3;7.79;1
3;16,785;1
3;7.75;1
3;488;1
3;7.83;1
3;266;1
3;7.93;1
3;1,150;1
3;8.11;1
3;11;1
3;hr;1
3;Oneshot9;1
3;19;1
3;Oneshot3;1
3;Oneshot16;1
3;days;1
3;Oneshot11;1
3;111;1
3;©;1
3;2020;1
2;•;54
2;the;29
2;x3x3;28
2;of;19
2;Quests;17
2;Servants;16
2;Order;14
2;Defeat;14
2;Fate/Grand;13
2;Wiki;12
2;and;11
2;All;10
2;2;10
2;5;10
2;Interlude;9
2;(US);9
2;Missions;9
2;3;9
2;Command;9
2;Master;9
2;or;9
2;in;8
2;1;8
2;List;8
2;Enemies;8
2;Gems,;8
2;Events;7
2;FGO;7
2;to;7
2;▶;6
2;4;6
2;6;6
2;7;6
2;all;6
2;Saber;6
2;Event;6
2;Arc;6
2;Skills;6
2;JP;6
2;Twitter;6
2;Dragon;6
2;this;6
2;15;6
2;enemies;6
2;Campaign;5
2;Festival;5
2;2020;5
2;~3rd;5
2;Anniversary~;5
2;&;5
2;for;5
2;your;5
2;Updates;5
2;New;5
2;Strengthening;5
2;Bond;5
2;Craft;5
2;Ascension;5
2;Main;5
2;Current:;5
2;Mission;5
2;13;4
2;Statesmen!;4
2;History;4
2;Revival;4
2;Essences;4
2;Community;4
2;a;4
2;Archer;4
2;Assassin;4
2;Code;4
2;Server;4
2;Official;4
2;Fantasy;4
2;Live;4
2;Star;4
2;Valkyrie;4
2;~;4
2;07/12/2020;4
2;NO.;4
2;Reward;4
2;Complete;4
2;week's;4
2;Clear;4
2;10;4
2;(excluding;4
2;certain;4
2;bosses);4
2;~The;3
2;American;3
2;Frontier~;3
2;Weekly;3
2;world.;3
2;Special;3
2;Game;3
2;/;3
2;Max;3
2;Codes;3
2;Items;3
2;page;3
2;Caster;3
2;on;3
2;Japanese;3
2;English;3
2;Media;3
2;Site;3
2;with;3
2;Magic;3
2;Secret;3
2;Pieces;3
2;Monuments;3
2;2.13.6;3
2;See;3
2;how!;3
2;Recommended;2
2;ARC;2
2;(Cosmos;2
2;Lostbelt);2
2;Welcome;2
2;Wiki,;2
2;archive;2
2;Masters;2
2;from;2
2;over;2
2;WARNING:;2
2;SPOILERS;2
2;ABOUND!;2
2;Many;2
2;pages;2
2;will;2
2;likely;2
2;contain;2
2;spoilers;2
2;games';2
2;lore;2
2;Fate;2
2;series;2
2;general!;2
2;Proceed;2
2;at;2
2;own;2
2;risk!;2
2;About;2
2;thanks;2
2;following:;2
2;Grand;2
2;Chase;2
2;TYPE;2
2;MOON;2
2;CE;2
2;Games;2
2;Central;2
2;Start;2
2;Classes;2
2;Lancer;2
2;Rider;2
2;Berserker;2
2;Leveling;2
2;Cards;2
2;Summoning;2
2;Card;2
2;Cosmos;2
2;Lostbelt;2
2;Formation;2
2;Mystic;2
2;Passive;2
2;Active;2
2;Story;2
2;Next:;2
2;US;2
2;Beast's;2
2;Lair;2
2;Chaldeum;2
2;Translations;2
2;Anime;2
2;Manga;2
2;Learn;2
2;Manga!;2
2;Other;2
2;Projects;2
2;Fes.;2
2;2018;2
2;～3rd;2
2;Anniversary～;2
2;Forum;2
2;Русский;2
2;Tiếng;2
2;Việt;2
2;中文;2
2;View;2
2;My;2
2;5,753;2
2;articles;2
2;Recent;2
2;here;2
2;Las;2
2;Vegas;2
2;Bout;2
2;Rerun;2
2;2.1.0;2
2;Patch;2
2;Major;2
2;7th;2
2;Agarest;2
2;War;2
2;Atelier;2
2;Blade;2
2;Soul;2
2;Blue;2
2;Breath;2
2;Fire;2
2;Chrono;2
2;Custom;2
2;Robo;2
2;Dark;2
2;Cloud;2
2;Dinosaur;2
2;King;2
2;Disgaea;2
2;Quest;2
2;Drakengard;2
2;EarthBound;2
2;Etrian;2
2;Odyssey;2
2;Exist;2
2;Archive;2
2;Fairy;2
2;Fencer;2
2;F;2
2;Final;2
2;Freedom;2
2;Wars;2
2;Golden;2
2;Sun;2
2;Granblue;2
2;Grandia;2
2;Hyperdimension;2
2;Neptunia;2
2;Keitai;2
2;Denjuu;2
2;Telefang;2
2;Kingdom;2
2;Hearts;2
2;Legend;2
2;Heroes;2
2;A;2
2;Nier;2
2;Mana;2
2;Seiken;2
2;Densetsu;2
2;Megami;2
2;Tensei;2
2;Mugen;2
2;Souls;2
2;Nights;2
2;Azure;2
2;Odin;2
2;Sphere;2
2;Omega;2
2;Quintet;2
2;Paper;2
2;Mario;2
2;Parasite;2
2;Eve;2
2;Phantasy;2
2;Pokémon;2
2;Radiant;2
2;Historia;2
2;Radiata;2
2;Stories;2
2;SaGa;2
2;Skies;2
2;Arcadia;2
2;Ocean;2
2;Suikoden;2
2;Tales;2
2;Tokyo;2
2;Xanadu;2
2;Valkyria;2
2;Chronicles;2
2;Anatomia;2
2;Profile;2
2;The;2
2;World;2
2;Ends;2
2;With;2
2;You;2
2;Xenoblade;2
2;Xenosaga;2
2;Yo-Kai;2
2;Watch;2
2;Ys;2
2;Contact;2
2;Sitemap;2
2;07/06/2020;2
2;Summon;2
2;using;2
2;30;2
2;times;2
2;Rider-class;2
2;Lancer,;2
2;Berserker-class;2
2;Caster-class;2
2;07/05/2020;2
2;Perform;2
2;3030;2
2;Summons;2
2;20;2
2;40;2
2;Acquire;2
2;through;2
2;battles;2
2;wiki;2
2;interested;2
2;helping;2
2;that;2
2;Want;2
2;community;2
2;included?;2
2;Account;1
2;Security:;1
2;Comment;1
2;Discussion:;1
2;Android:;1
2;iOS:;1
2;Featured;1
2;TVCM;1
2;Current;1
2;Version;1
2;Latest;1
2;JRPG;1
2;Movies;1
2;TV;1
2;Video;1
2;Explore;1
2;Wikis;1
2;Sign;1
2;In;1
2;Register;1
2;Wikia;1
2;Add;1
2;new;1
2;Extra;1
2;Shielder;1
2;Ruler;1
2;Avenger;1
2;Moon;1
2;Cancer;1
2;Alter;1
2;Ego;1
2;Foreigner;1
2;Beast;1
2;Noble;1
2;Phantasm;1
2;Hidden;1
2;Attributes;1
2;Traits;1
2;Alignments;1
2;Points;1
2;Experience;1
2;Gameplay;1
2;Essence;1
2;ATK;1
2;DEF;1
2;Buff+Debuff;1
2;Critical;1
2;HP;1
2;NP;1
2;MISC;1
2;Anniversary;1
2;Free;1
2;Daily;1
2;Hunting;1
2;Arcs;1
2;1:;1
2;Observer;1
2;Timeless;1
2;Temple;1
2;1.5:;1
2;Epic;1
2;Remnant;1
2;2:;1
2;Battle;1
2;Spell;1
2;Status;1
2;Effects;1
2;Battlefield;1
2;Types;1
2;Skill;1
2;Reinforcement;1
2;(JP);1
2;TBA:;1
2;F/SN;1
2;HF;1
2;III;1
2;Premiere;1
2;Commemoration;1
2;~American;1
2;Frontier;1
2;History~;1
2;Release;1
2;Olympus;1
2;???;1
2;Götterdämmerung;1
2;S;1
2;I;1
2;N;1
2;Campaigns;1
2;Lists;1
2;Quick;1
2;links;1
2;USA;1
2;/r/grandorder;1
2;-Babylonia-;1
2;-Salomon-;1
2;Episodes;1
2;Characters;1
2;Fate/GUDAGUDA;1
2;More;1
2;PV;1
2;Trailers;1
2;Most;1
2;visited;1
2;Servant;1
2;Top;1
2;users;1
2;Deyuaru;1
2;Sashimi=lol;1
2;Khanetho417;1
2;Neetohh;1
2;Necor;1
2;ShinsukeNakamura;1
2;Kyuburu;1
2;User;1
2;Rankings;1
2;Activity;1
2;Random;1
2;Videos;1
2;Images;1
2;Discuss;1
2;source;1
2;Talk;1
2;(6);1
2;Share;1
2;Class;1
2;Strengthen;1
2;Resources;1
2;Drop;1
2;Rates;1
2;Da;1
2;Vinci;1
2;Shop;1
2;Present;1
2;Options;1
2;Acc.;1
2;Recovery;1
2;Player's;1
2;Guide;1
2;Costume;1
2;Dress;1
2;Room;1
2;Error;1
2;MSGs;1
2;UPDATE;1
2;NOTES;1
2;STYLE;1
2;GUIDE;1
2;COMMUNITY;1
2;bind;1
2;account;1
2;Discord;1
2;EN;1
2;Gems;1
2;Rules;1
2;Guidelines;1
2;Changes;1
2;Admins;1
2;Mods;1
2;Project;1
2;Pages;1
2;Discussion;1
2;Blogs;1
2;Kyte;1
2;Kazemai;1
2;Mooncell;1
2;atwiki;1
2;kamigame;1
2;Chaos;1
2;kairosity;1
2;F/GO;1
2;reddit;1
2;Scheduled;1
2;Maintenance;1
2;https://fategrandorder.fandom.com/wiki/Fate/Grand_Order_Wikia?oldid=834539;1
2;Categories;1
2;1.5;1
2;Browse;1
2;Page;1
2;CC-BY-SA;1
2;Gossip;1
2;Girl;1
2;Britney;1
2;Spears;1
2;Universal;1
2;Conquest;1
2;Fandom;1
2;Gamepedia;1
2;D&D;1
2;Beyond;1
2;Muthead;1
2;Futhead;1
2;Careers;1
2;Press;1
2;Terms;1
2;Use;1
2;Privacy;1
2;Policy;1
2;Global;1
2;Local;1
2;Support;1
2;Help;1
2;Do;1
2;Not;1
2;Sell;1
2;Info;1
2;Kit;1
2;Mobile;1
2;JokeyPsych;1
2;EndgameHonest;1
2;GalaxyQuest;1
2;since;1
2;August;1
2;4,;1
2;2015;1
2;This;1
2;provides;1
2;latest;1
2;information;1
2;both;1
2;versions;1
2;mobile;1
2;game.;1
2;Visit;1
2;hub;1
2;here,;1
2;if;1
2;you;1
2;are;1
2;contribute;1
2;consistent;1
2;basis;1
2;other;1
2;experienced;1
2;editors.;1
2;If;1
2;you're;1
2;add;1
2;character;1
2;enemy;1
2;sprites.;1
2;visit;1
2;see;1
2;any;1
2;missing;1
2;sprites;1
2;doesn't;1
2;have,;1
2;here.;1
2;復刻;1
2;見参！ラスベガス御前試合;1
2;水着剣豪七色勝負！告知CM;1
2;Friendly;1
2;reminder;1
2;game;1
2;is;1
2;fictional;1
2;work,;1
2;has;1
2;no;1
2;relation;1
2;anything;1
2;happening;1
2;real;1
1;;156
1;–;49
1;Episódio;44
1;(HD);40
1;Kanra;35
1;no;28
1;Kochan;23
1;1;18
1;Season;15
1;2nd;9
1;(TV);4
1;to;4
1;One;4
1;Maou;4
1;Black;3
1;Clover;3
1;ni;3
1;Tensei;3
1;Piece;3
1;Boruto:;3
1;Naruto;3
1;Next;3
1;Generations;3
1;Great;3
1;Pretender;3
1;Ayato;3
1;The;3
1;6;3
1;Lord;3
1;e;3
1;3;3
1;;2
1;call_split;2
1;search;2
1;;2
1;;2
1;movie_filter;2
1;library_books;2
1;Fruits;2
1;Basket;2
1;Jashin-chan;2
1;Dropkick;2
1;Shadowverse;2
1;wa;2
1;Nai;2
1;Sakura;2
1;Bungou;2
1;Alchemist:;2
1;Shinpan;2
1;Haguruma;2
1;wo;2
1;Digimon;2
1;Adventure:;2
1;Sol;2
1;3rd;2
1;Shinra;2
1;Peppo;2
1;133;2
1;Shingen;2
1;14;2
1;God;2
1;of;2
1;High;2
1;School;2
1;Quanzhi;2
1;Fashi;2
1;4th;2
1;5;2
1;Sama;2
1;155;2
1;931;2
1;Gakuin;2
1;Futekigousha:;2
1;Shijou;2
1;Saikyou;2
1;Shiso,;2
1;shite;2
1;Shison-tachi;2
1;Gakkou;2
1;Masaomi;2
1;Lapis;2
1;Re:LiGHTs;2
1;Monster;2
1;Musume;2
1;Oishasan;2
1;Enen;2
1;Shouboutai:;2
1;Ni;2
1;Shou;2
1;8;2
1;Dokyuu;2
1;Hentai;2
1;HxEros;2
1;9;2
1;Ahiru;2
1;Sora;2
1;37;2
1;arrow_forward_ios;2
1;Shingeki;2
1;Kyojin;2
1;Part;2
1;2;2
1;Kimetsu;2
1;Yaiba;2
1;arrow_drop_up;2
1;Home;1
1;Animes;1
1;Filmes;1
1;Mangás;1
1;Online;1
1;hourglass_emptyHistórico;1
1;favoriteFavoritos;1
1;HOT;1
1;Calendário;1
1;whatshotDiscord;1
1;warningDMCA;1
1;Shironeko;1
1;Project:;1
1;Zero;1
1;Chronicle;1
1;A3!;1
1;Spring;1
1;&;1
1;Summer;1
1;Houkago;1
1;Teibou;1
1;Nisshi;1
1;Appare-Ranman!;1
1;Tamayomi;1
1;Plunderer;1
1;Kakushigoto;1
1;Hachi-nan;1
1;tte,;1
1;Sore;1
1;deshou!;1
1;Fugou;1
1;Keiji:;1
1;Balance:Unlimited;1
1;Gundam;1
1;Build;1
1;Divers;1
1;Re:Rise;1
1;Shin;1
1;Taisen;1
1;the;1
1;Animation;1
1;Listeners;1
1;Zashiki;1
1;Warashi;1
1;Tatami-chan;1
1;Major;1
1;Otome;1
1;Game;1
1;Hametsu;1
1;Flag;1
1;shika;1
1;Akuyaku;1
1;Reijou;1
1;shiteshimatta...;1
1;Yesterday;1
1;Utatte;1
1;Honzuki;1
1;Gekokujou:;1
1;Shisho;1
1;Naru;1
1;Tame;1
1;Shudan;1
1;Erandeiraremasen;1
1;Gal;1
1;Kyouryuu;1
1;Arte;1
1;Levante;1
1;Nami;1
1;yo;1
1;Kiitekure;1
1;Tsugu;1
1;Tsugumomo;1
1;Kingdom;1
1;Gleipnir;1
1;Yu-Gi-Oh!:;1
1;Sevens;1
1;Shachou,;1
1;Battle;1
1;Jikan;1
1;Desu!;1
1;Muhyo;1
1;Rouji;1
1;Mahouritsu;1
1;Soudan;1
1;Jimusho;1
1;13;1
1;Umayon;1
1;10;1
1;Shizuo;1
1;Akihito;1
1;Pokemon;1
1;(2019);1
1;27;1
1;Hitori;1
1;Shita:;1
1;Outcast;1
1;Healin’;1
1;Good♡Precure;1
1;Ruphi;1
1;Senshi;1
1;Initial;1
1;D;1
1;Fifth;1
1;Stage;1
1;episódio;1
1;Punch;1
1;Man;1
1;O;1
1;Dilema;1
1;Supremo;1
1;Fairy;1
1;Tail;1
1;185;1
1;da;1
1;Meia-Noite;1
1;7;1
1;Porão;1
1;Dr.;1
1;Stone;1
1;18;1
1;(FULL;1
1;HD);1
1;Sabito;1
1;Makomo;1
1;Given;1
1;11;1
1;;1
1;hourglass_empty;1
1;favorite;1
1;;1
1;whatshot;1
1;warning;1
1;Desenvolvido;1
1;por;1
1;Kanra.;1
