Id_pagina_ex;frases;Qtd
16;[];23
16;Dublados;2
16;Legendado10:38;2
16;Legendado23:54;2
16;Top 100 Populares;1
16;#;1
16;A;1
16;B;1
16;C;1
16;D;1
16;E;1
16;F;1
16;G;1
16;H;1
16;I;1
16;J;1
16;K;1
16;L;1
16;M;1
16;N;1
16;O;1
16;P;1
16;Q;1
16;R;1
16;S;1
16;T;1
16;U;1
16;V;1
16;W;1
16;X;1
16;Y;1
16;Z;1
16;Calendário;1
16;Categorias;1
16;Contato;1
16;Histórico;1
16;Legendados;1
16;Lista de Animes;1
16;Top 100;1
16;+;1
16;Legendado7:31;1
16;Wan Jie Chen Qiu – Episódio 17;1
16;Shouxi Yu Ling Shi – Episódio 3;1
16;Shouxi Yu Ling Shi – Episódio 2;1
16;Legendado24:02;1
16;Muhyo to Rouji no Mahouritsu Soudan Jimusho 2 – Episódio 1;1
16;Black Clover – Episódio 133;1
16;Legendado3:00;1
16;Umayon – Episódio 1;1
16;Legendado23:43;1
16;Shadowverse – Episódio 13;1
16;Shadowverse – Ova 13 & 1;1
16;Legendado22:52;1
16;Great Pretender – Episódio 10;1
16;Legendado23:50;1
16;Fruits Basket 2nd Season – Episódio 14;1
16;Legendado23:28;1
16;The God of High School – Episódio 1;1
16;Legendado25:47;1
16;Asatir: Mirai no Mukashi Banashi – Episódio 13;1
16;1;1
16;2;1
16;3;1
16;Próximo »;1
16;Twitter;1
16;Pinterest;1
16;Reddit;1
16;Instagram;1
15;[];85
15;Comedy;14
15;Slice of Life;6
15;School;6
15;Seinen;6
15;Historical;6
15;Sports;4
15;Fantasy;4
15;Action;4
15;Sci-Fi;4
15;Adventure;4
15;Supernatural;4
15;Umayon;3
15;The God of High School;3
15;Olympia Kyklos;3
15;The Misfit of Demon King Academy;3
15;Lapis Re:LiGHTs;3
15;Ongoing;2
15;Anime List;2
15;Browse by Genre;2
15;Search;2
15;Latest Episodes;2
15;Latest Anime;2
15;Popular Anime;2
15;Black Clover (TV) Episode 133;2
15;Boruto: Naruto Next Generations Episode 155;2
15;Chapter - 110;2
15;Martial Arts;2
15;Magic;2
15;Music;2
15;Tomica Kizuna Gattai: Earth Granner;2
15;Mecha;2
15;Kitsutsuki Tanteidokoro;2
15;Mystery;2
15;Gal to Kyouryuu;2
15;Kaguya-sama wa Kokurasetai?: Tensai-tachi no Renai Zunousen 2nd Season;2
15;Psychological;2
15;Romance;2
15;Zashiki Warashi no Tatami-chanThe House Spirit Tatami-chan;2
15;Horror;2
15;Appare-Ranman!;2
15;Shokugeki no Souma: Gou no SaraFood Wars! The Fifth Plate;2
15;Ecchi;2
15;Shounen;2
15;Click for More;2
15;Go To Top;1
15;Summer 2020;1
15;Login;1
15;Register;1
15;Muhyo to Rouji no Mahouritsu Soudan Jimusho Episode 13;1
15;Muhyo to Rouji no Mahouritsu Soudan Jimusho;1
15;Black Clover (TV);1
15;Umayon Episode 1;1
15;Shadowverse (TV) Episode 13;1
15;Shadowverse (TV);1
15;Fruits Basket 2nd Season Episode 14;1
15;Fruits Basket 2nd Season;1
15;The God of High School Episode 1;1
15;Olympia Kyklos Episode 7;1
15;Pokemon (2019) Episode 26;1
15;Pokemon (2019);1
15;Healin Good Precure Episode 14;1
15;Healin Good Precure;1
15;The Misfit of Demon King Academy Episode 1;1
15;Lapis Re:LiGHTs Episode 1;1
15;Boruto: Naruto Next Generations;1
15;Getsuyoubi no Tomodachi;1
15;Chapter - 7;1
15;Chapter - 6;1
15;City Hunter;1
15;Chapter - 176;1
15;Otome Youkai Zakuro;1
15;Chapter - 77;1
15;Chapter - 76;1
15;Kuro no Maou;1
15;Chapter - 19;1
15;Shingeki no Kyojin;1
15;Chapter - 130;1
15;Star Martial God Technique;1
15;Chapter - 359;1
15;A Returner's Magic Should Be Special;1
15;Jagaaaaaan;1
15;Nicoichi;1
15;Chapter - 36;1
15;Goblin Slayer: Side Story Year One;1
15;Chapter - 42;1
15;Martial Peak;1
15;Chapter - 599;1
15;Chapter - 598;1
15;One Piece Episode 931;1
15;Tensei shitara Slime Datta Ken Episode 25;1
15;Tate no Yuusha no Nariagari Episode 25;1
15;Kimetsu no Yaiba Episode 26;1
15;One Punch Man 2nd Season OVA Episode 3;1
15;Naruto Shippuuden Episode 500;1
15;Goblin Slayer Episode 12;1
15;Dororo Episode 24;1
15;Arifureta Shokugyou de Sekai Saikyou Episode 13;1
15;Dr. Stone Episode 24;1
15;Boku no Hero Academia 3rd Season Episode 25;1
15;Dungeon ni Deai wo Motomeru no wa Machigatteiru Darou ka II Episode 12;1
15;Kenja no Mago Episode 12;1
15;Fairy Tail: Final Series Episode 51;1
15;Sword Art Online: Alicization Episode 24;1
15;Yakusoku no Neverland Episode 12;1
15;Boku no Hero Academia 4th Season Episode 25;1
15;Shingeki no Kyojin Season 3 Part 2 Episode 10;1
15;Bleach Episode 366;1
15;Overlord III Episode 13;1
15;Mob Psycho 100 II Episode 13;1
15;Vinland Saga Episode 24;1
15;Seishun Buta Yarou wa Bunny Girl Senpai no Yume wo Minai Episode 13;1
15;Enen no Shouboutai Episode 23;1
15;Isekai Maou to Shoukan Shoujo no Dorei Majutsu Episode 12;1
15;Darling in the FranXX Episode 24;1
15;Sword Art Online: Alicization - War of Underworld Episode 12;1
15;Isekai Cheat Magician Episode 12;1
15;Animefreak;1
15;FAQ;1
15;Legal Disclaimer, Privacy & DMCA;1
15;Contact Us;1
15;Saikano: Another Love Song;1
15;Pokemon XY: Mega Evolution;1
15;One Piece : Episode of Arabasta - The Desert Princess and the Pirates;1
15;Mangirl!;1
15;Romance of the Three Kingdoms;1
15;Kamisama Dolls;1
15;True Tears;1
15;Nobunagun;1
15;Koufuku Graffiti;1
15;Wagamama High Spec;1
15;Hajimete no Gal;1
15;Tonari no Kyuuketsuki-san;1
15;Darwin's Game;1
15;Naisho no Tsubomi;1
15;Grisaia no Meikyuu;1
15;One Piece: Episode of Chopper Plus - Bloom in the Winter, Miracle Sakura;1
15;Mondaiji-tachi ga Isekai kara Kuru Sou Desu yo?;1
15;Dragon Drive;1
15;Kill Me Baby;1
15;Tokyo Magnitude 8.0;1
14;[];26
14;Legendado24:00;13
14;Legendado23:45;7
14;Filmes Online HD;2
14;Animes;1
14;Categorias;1
14;Contato;1
14;Dublados;1
14;Legendados;1
14;#;1
14;0-9;1
14;A;1
14;B;1
14;C;1
14;D;1
14;E;1
14;F;1
14;G;1
14;H;1
14;I;1
14;J;1
14;K;1
14;L;1
14;M;1
14;N;1
14;O;1
14;P;1
14;Q;1
14;R;1
14;S;1
14;T;1
14;U;1
14;V;1
14;W;1
14;X;1
14;Y;1
14;Z;1
14;+;1
14;AKB0048 – Episodio 13 – Pelos Seus Sorrisos;1
14;AKB0048 – Episodio 12 – Ídolos que Cantam de Amor;1
14;AKB0048 – Episodio 11 – O Retorno a Lancastar;1
14;AKB0048 – Episodio 10 – O Milagre das Ondas;1
14;AKB0048 – Episodio 9 – Relação de Emoção;1
14;AKB0048 – Episodio 8 – A quem o Nome Pertence?;1
14;AKB0048 – Episodio 7 – Kirara da Sucessão;1
14;AKB0048 – Episodio 6 – Estréia de Apertos de Mão;1
14;AKB0048 – Episodio 5 – O Dia de Folga;1
14;AKB0048 – Episodio 4 – Não Desapontarei os Seus Esforços;1
14;AKB0048 – Episodio 3 – Seleção da Poeira Estelar;1
14;AKB0048 – Episodio 2 – As Luzes Escolhidas;1
14;AKB0048 – Episodio 1 – Sonho Eterno;1
14;Akb0048 Next Stage – Episodio 13 – No Name;1
14;Akb0048 Next Stage – Episodio 12 – O Caminho para o Teatro;1
14;Akb0048 Next Stage – Episodio 11 – Além da Porta;1
14;Akb0048 Next Stage – Episodio 10 – Paraíso Gritante;1
14;Akb0048 Next Stage – Episodio 9 – Traição Azul;1
14;Akb0048 Next Stage – Episodio 8 – Batalha por Akibastar;1
14;Akb0048 Next Stage – Episodio 7 – Revolução Mimori;1
14;1;1
14;2;1
14;3;1
14;Próximo;1
14;Animes Lançamentos;1
14;Series Online;1
14;Mega Filmes;1
14;Mega Filmes Online;1
14;TopFlixs;1
14;TopFlix HD;1
14;Rede Canais;1
14;Vizer HD;1
14;NetCine;1
14;Filmes HD;1
13;[];50
13;Neox Scanlator;7
13;Os Batutinhas;3
13;Kimetsu no Yaiba;2
13;Capítulo 03;2
13;Capítulo 02;2
13;Capítulo 01;2
13;Capítulo 05;2
13;Capítulo 12;2
13;Saturn Scans;2
13;Ulquiorra Scans;2
13;Capítulo #131;2
13;Capítulo #110;2
13;Capítulo #276;2
13;Capítulo #281;2
13;Capítulo #129;2
13;Capítulo #983;2
13;Capítulo #255;2
13;Capítulo #300;2
13;Capítulo #318;2
13;Capítulo #205;2
13;Ver todos »;2
13;Mangás;1
13;Scans;1
13;Contato;1
13;F.A.Q.;1
13;Cadastro;1
13;Login;1
13;<<;1
13;>>;1
13;1;1
13;2;1
13;Chainsaw Man;1
13;Boku no Hero Acad...;1
13;Dosanko Gyaru wa ...;1
13;Sono Bisque Doll ...;1
13;Diamond no Ace - ...;1
13;World Trigger;1
13;Tokyo Manji Reven...;1
13;Tate no Yuusha no...;1
13;Bokutachi wa Benk...;1
13;Beastars;1
13;Shakunetsu no Nir...;1
13;Mind Reader;1
13;Capítulo 22;1
13;Aivu Scans;1
13;Ilha Ronin;1
13;The Villainess Reverses the Hourglass;1
13;KastyScans;1
13;Maou Gakuin no Futekigousha;1
13;Capítulo 13;1
13;Final Scans;1
13;Imagine Scans;1
13;Shen Ze;1
13;Capítulo 04;1
13;Anime Center BR;1
13;Overgeared (Remake);1
13;Capítulo 34;1
13;Capítulo 33;1
13;The Blade of Evolution (neox Version);1
13;Slave B;1
13;Capítulo 31;1
13;Mushoku Tensei: Roxy datte Honki desu;1
13;Capítulo 26;1
13;Anime X Novel;1
13;Contratado por uma Artista de Eromanga do Ensino Médio;1
13;Capítulo 01.2;1
13;Omniscient Readers Viewpoint;1
13;Mato Seihei no Slave;1
13;Capítulo 32;1
13;Hunter Age;1
13;Capítulo 137;1
13;Kuro Gyaru-san ga Kuru!;1
13;Fim do Mundo Traduções;1
13;Itoshi no Ko, Charlotte;1
13;Dotachin Scanlator;1
13;Blood Strangers;1
13;Capítulo 29;1
13;Lady Amira;1
13;Im an Overlord;1
13;Capítulo 48;1
13;The Rock Scan;1
13;Chicchai Senpai ga Kawaisugiru;1
13;UGA Scans;1
13;Omamori Himari;1
13;Capítulo 69;1
13;Aura Mangas;1
13;Entrans!;1
13;Capítulo 09v2;1
13;Capítulo 09;1
13;One Punch-Man;1
13;Solo Leveling;1
13;Boku no Hero Academia (pt-br);1
13;Tales of Demons and Gods;1
13;Shingeki no Kyojin;1
13;One Piece;1
13;Black Clover;1
13;Nanatsu no Taizai(Pt-Br);1
13;Shokugeki no Souma;1
13;Política de Privacidade;1
13;Política de Privacidade © Copyright 2020 Union MangásDireitos autorais e marcas comerciais para o mangá, e outros materiais promocionais são mantidos por seus respectivos proprietários e a sua utilização é permitida nos termos da cláusula de uso justo da Lei de Direitos Autorais. | Copyrights and trademarks for the manga, and other promotional materials are held by their respective owners and their use is allowed under the fair use clause of the Copyright Law. Não somos responsáveis pela produção do conteúdo aqui presente, todo conteúdo se encontra disponível na internet, e apenas os organizamos para leitura online. Não comercializamos nenhum de nosso conteúdo, o acesso ao Union Mangás é, e sempre será, livre e gratuito. Todo o conteúdo aqui é de fã para fã. Os donos, webmasters e qualquer outra pessoa que tenha relacionamento com a produção do site não tem responsabilidade alguma sobre a forma com que o usuário venha a utilizar os arquivos aqui vistos. Caso algum arquivo seja de sua autoria e esteja sendo utilizado sem sua permissão, entre em contato, analisaremos e removeremos o conteúdo assim que possível. | We are not responsible for the production of our actual content, all the content is found in the internet, and we only organize them for reading. All content here is fan to fan. We do not sell none of our content, the access of Union Mangás is, and is going always to be, free. The owners, webmaster, and any other people who is related with the production of this website does not have any responsibility about how the guest uses our content. If part of the content is from your authority and is being used without permission, contact us, we will analyze and remove it as fast as possible.;1
12;[];222
12;041;6
12;042;6
12;040;5
12;Martial Peak;4
12;Tales of Demons and Gods (Manhua);4
12;031;4
12;011;4
12;038;4
12;039;4
12;320;3
12;282;3
12;One Piece;3
12;Boku no Hero Academia;3
12;Bleach;3
12;032;3
12;013;3
12;030;3
12;024;3
12;029;3
12;Home;2
12;Blog;2
12;Todos os Títulos;2
12;Ranking;2
12;Facebook;2
12;Twitter;2
12;Grupo CDM;2
12;Canal no Telegram;2
12;Discussão;2
12;Importante;2
12;Contato;2
12;RSS;2
12;Login;2
12;Registrar-se;2
12;984;2
12;277;2
12;338;2
12;Tower of God 2;2
12;686;2
12;205;2
12;Kimetsu no Yaiba;2
12;646;2
12;Kingdom;2
12;Central de Mangás;2
12;033;2
12;034;2
12;Hunter Age;2
12;137;2
12;072;2
12;036;2
12;037;2
12;105;2
12;106;2
12;025;2
12;026;2
12;045;2
12;009;2
12;Heaven Defying Sword;2
12;047;2
12;Diamond no Ace;2
12;035;2
12;FFF-Class Trashero;2
12;Again My Life;2
12;015;2
12;010;2
12;027;2
12;028;2
12;008;2
12;014;2
12;Menu;1
12;Seguir @BanditXP;1
12;The Villainess Reverses the Hourglass;1
12;005;1
12;Overgeared;1
12;Omniscient Readers Viewpoint;1
12;012;1
12;Maou Gakuin no Futekigousha;1
12;Tokyo Manji Revengers;1
12;130;1
12;Toaru Ossan no VRMMO Katsudouki;1
12;Tensei Shitara Slime Datta Ken;1
12;Survive as the Hero s Wife;1
12;Saotome-Senshu, Hitakakusu;1
12;107;1
12;Rich Player;1
12;Pochamani;1
12;Ookami-heika no Hanayome;1
12;053.5;1
12;054;1
12;316;1
12;317;1
12;318;1
12;319;1
12;Mahou Shoujo ni Akogarete;1
12;Kore wa Koi no Hanashi;1
12;Jujutsu Kaisen;1
12;113;1
12;I’m Stanning the Prince;1
12;God At Random;1
12;Dimension W;1
12;048;1
12;297;1
12;298;1
12;Bokutachi wa Benkyou ga Dekinai;1
12;165;1
12;Wizardly Tower;1
12;Why Are You Doing This, Duke;1
12;Sincerely: I Became a Dukes Maid;1
12;055;1
12;Second Life Ranker;1
12;067;1
12;Reverse Villain;1
12;Release That Witch;1
12;134;1
12;Mo Shi Wei Wang - King of Apocalypse;1
12;163;1
12;164;1
12;I Am The Sorcerer King;1
12;098;1
12;Crazy Professor In School Campus;1
12;043;1
12;The Gamer;1
12;334;1
12;Yin Zhi Shoumuren;1
12;152;1
12;153;1
12;Negatibu Yuusha to Maougunkanbu;1
12;017;1
12;Dead Mount Death Play;1
12;Bouken ni Tsuitekonaide Okaasan!;1
12;Arata Primal: The New Primitive;1
12;Vanitas no Carte;1
12;Spirit Warriors;1
12;020;1
12;021;1
12;022;1
12;023;1
12;Hime-sama, Goumon no Jikan desu;1
12;018;1
12;Monogatari no Naka no Hito;1
12;019;1
12;Fisheye Placebo;1
12;003;1
12;Dead Dead Demons Dededededestruction;1
12;A Legend of The Wind;1
12;044;1
12;Watari-kun no xx ga Houkai Sunzen;1
12;046;1
12;Vengeance of the Heavenly Demon;1
12;The Ravages of Time;1
12;The Portal of Wonderland;1
12;114;1
12;115;1
12;116;1
12;117;1
12;118;1
12;The Live;1
12;Strongest Abandoned Son;1
12;138;1
12;Shindou Sefiria no Gekokujou Program;1
12;New Game!;1
12;087;1
12;310;1
12;311;1
12;312;1
12;313;1
12;314;1
12;315;1
12;Love Advice from the Great Duke of Hell;1
12;077;1
12;Light and Shadow;1
12;082;1
12;Koushaku Reijou no Tashinami;1
12;Kimi wa Haru ni Me o Samasu;1
12;Jitsu wa Watashi wa;1
12;101;1
12;102;1
12;103;1
12;104;1
12;106.5;1
12;Jashin-chan Dropkick;1
12;136;1
12;Gui Yi Feng Jiu - The Ghostly Doctor;1
12;Gate - Jietai Kare no Chi Nite, Kaku Tatakeri;1
12;071;1
12;073;1
12;074;1
12;074.5;1
12;075;1
12;Fujiwara-kun wa Daitai Tadashii;1
12;Fate Grand Order Epic of Remnant Deep Sea Cyber Paradise SERAPH;1
12;011.1;1
12;011.2;1
12;012.1;1
12;012.2;1
12;295;1
12;296;1
12;Da Xiang Wu Xing - Elephant Invisible;1
12;Cosplay Deka;1
12;014.5;1
12;Black Winter;1
12;004;1
12;Aho Girl;1
12;120.4;1
12;7 Wonders - Tyrants Tears;1
12;Naruto;1
12;Fairy Tail;1
12;Black Clover;1
12;Seven Deadly Sins;1
12;Attack on Titan;1
12;Onepunch-Man;1
12;+ Títulos;1
12;4-koma;1
12;Ação;1
12;Adulto;1
12;Artes Marciais;1
12;Aventura;1
12;Colegial;1
12;Comédia;1
12;Drama;1
12;Ecchi;1
12;Esporte;1
12;Fantasia;1
12;Ficção;1
12;Gender Bender;1
12;Harém;1
12;Histórico;1
12;Horror;1
12;Isekai;1
12;Jogo;1
12;Josei;1
12;Maduro;1
12;Magia;1
12;Mecha;1
12;Mistério;1
12;Musical;1
12;OneShot;1
12;Policial;1
12;Psicológico;1
12;Romance;1
12;Sci-fi;1
12;Seinen;1
12;Shoujo;1
12;Shoujo Ai;1
12;Shounen;1
12;Shounen Ai;1
12;Slice of Life;1
12;Smut;1
12;Sobrenatural;1
12;Terror;1
12;Tragédia;1
12;Xuanhuan;1
12;Yaoi;1
12;Yuri;1
12;Cancelado;1
12;Completo;1
12;Completo (Em Tradução);1
12;Em publicação;1
12;Pausado;1
12;A.I.U.E.O. Mangá;1
12;Chrono Scanlator;1
12;E Must Die;1
12;Fascinio Asiatico;1
12;Fuji Scanlator;1
12;FY Scans;1
12;Lady Otomen;1
12;Mundo Otaku Scans;1
12;RPG Boku no Hero;1
12;Coleciono;1
12;FORTNITE;1
12;Gokigenyou;1
12;Loja Otaku Animes;1
12;+ Parceiros;1
12;Legenda:;1
10;[];22
10;English;3
10;Free Comics;2
10;Top Rated;2
10;Story Arcs;2
10;Submit;2
10;Unlimited;2
10;Terms of Use;2
10;Privacy Notice;2
10;Interest-Based Ads Notice;2
10;Cookies Notice;2
10;My Books;1
10;eGift Cards;1
10;Log In;1
10;New;1
10;Sales;1
10;Browse;1
10;Release Date;1
10;Series;1
10;Publishers;1
10;Top Selling;1
10;Creators;1
10;Genres;1
10;Series Subscriptions;1
10;Bundles;1
10;Originals;1
10;Graphic Novels;1
10;Manga;1
10;Indie;1
10;Welcome to comiXology;1
10;New to comiXology? Start Here;1
10;SuBLime;1
10;Battle Angel Alita is Back!;1
10;Digital First Releases;1
10;Follow us on Twitter;1
10;Follow us on Tumblr;1
10;Like us on Facebook;1
10;DRM-Free Backups;1
10;View More;1
10;1. DCeased: Hope At World's End (2020) #4;1
10;2. Batman: The Adventures Continue (2020-) #7;1
10;3. Batman: Gotham Nights #11;1
10;4. Hawkeye: Freefall (2020-) #6;1
10;5. Harley Quinn Black + White + Red (2020-) #2;1
10;6. The Boys: Dear Becky #2;1
10;7. Harley Quinn Black + White + Red (2020-) #1;1
10;8. Supergirl (2016-) #42;1
10;9. Wonder Woman: Agent of Peace #8;1
10;10. Star (2020) #5 (of 5);1
10;Our Story;1
10;Contact Us;1
10;Careers;1
10;FAQs;1
10;Redeem;1
10;Mobile Site;1
10;iPhone/iPad app;1
10;Android app;1
10;Kindle Fire app;1
10;French;1
10;Mutated by Gamma Radiation in NYC;1
10;Cart (0 Items);1
10;Total 0.00;1
9;[];5
9;Início;2
9;Mangá;2
9;Novela;2
9;\ue653;2
9;Quero publicar;1
9;Comprar moedas;1
9;Publicar obra;1
9;\ue62a;1
9;中文;1
9;English;1
9;Indonesian;1
9;Tiếng Việt;1
9;Español;1
9;Português;1
9;ไทย;1
9;日本語;1
9;Login;1
9;Logout;1
9;Buscas mangás \ue653;1
9;\ue670Início;1
9;\ue6b1Mangá;1
9;\ue6b2Novela;1
9;\ue66eQuero publicar;1
9;\ue674Comprar moedas;1
9;\ue693Publicar obra;1
9;Ver todos;1
9;Mais popular;1
9;Mais recente;1
9;Atualiza hoje;1
9;Romance;1
9;Completo;1
9;Fantasia;1
9;Escolar;1
9;Ação;1
9;Aventura;1
9;Comédia;1
9;Horror;1
9;Moderno;1
9;Yaoi/Yuri;1
9;Criadores;1
9;Supernova;1
9;História;1
9;Isekai;1
9;Fanfic;1
9;Novo;1
9;Yuri;1
9;Superpoder;1
9;Presa com o CEO \ue63e 17.6K Presa com o CEO Atualizado até capítulo 31 \ue647 585.3K;1
9;O Presidente Mandão \ue63e 1.0M O Presidente Mandão Romance/Moderno Atualizado até capítulo 270 \ue647 37.1M;1
9;Garota Pura \ue63e 599.2K Garota Pura Escolar/Romance/Moderno Atualizado até capítulo 430 \ue647 22.0M;1
9;O Tesouro Particular do Príncipe \ue63e 277.7K O Tesouro Particular do Príncipe Romance/Novo Atualizado até capítulo 206 \ue647 10.7M;1
9;Minha Esposa É Teimosa \ue63e 167.8K Minha Esposa É Teimosa Romance/Novo Atualizado até capítulo 102 \ue647 5.7M;1
9;Fênix Venenosa \ue63e 30.1K Fênix Venenosa Romance/História/Novo Atualizado até capítulo 36 \ue647 882.2K;1
9;Eu Fui XXX Pelo Meu Ídolo \ue63e 673.3K Eu Fui XXX Pelo Meu Ídolo Escolar/Romance/Completo Atualizado até capítulo 125 \ue647 26.0M;1
9;Viagem ao Ano 3000 D.C. \ue63e 245.8K Viagem ao Ano 3000 D.C. Ação/Romance/Fantasia/Isekai/Aventura/Superpoder Atualizado até capítulo 126 \ue647 7.0M;1
9;Fênix Contra o Mundo \ue63e 392.1K Fênix Contra o Mundo Fantasia/História/Isekai/Aventura Atualizado até capítulo 280 \ue647 11.6M;1
9;Imperador, não Seja tão Rude! \ue63e 126.8K Imperador, não Seja tão Rude! Romance/Moderno Atualizado até capítulo 195 \ue647 6.1M;1
9;Casamento Morno \ue63e 621.4K Casamento Morno Romance/Moderno Atualizado até capítulo 257 \ue647 23.2M;1
9;Esposa Substituta \ue63e 128.9K Esposa Substituta Romance/Moderno/Completo Atualizado até capítulo 143 \ue647 5.3M;1
9;A Vingança da Senhorita Bai \ue63e 83.6K A Vingança da Senhorita Bai Romance/Moderno/Novo Atualizado até capítulo 83 \ue647 3.0M;1
9;Um Garoto no Colégio Feminino \ue63e 338.6K Um Garoto no Colégio Feminino Escolar/Comédia Atualizado até capítulo 204 \ue647 12.9M;1
9;Lendo Seu Coração \ue63e 50.6K Lendo Seu Coração Romance/História/Comédia/Novo Atualizado até capítulo 45 \ue647 1.5M;1
9;A Ex de Um Milionário \ue63e 449.4K A Ex de Um Milionário Romance/Moderno Atualizado até capítulo 436 \ue647 17.3M;1
9;Casamento Arranjado com a Minha Amada \ue63e 140.6K Casamento Arranjado com a Minha Amada Romance/Moderno Atualizado até capítulo 80 \ue647 4.4M;1
9;Ataque de Fofura \ue63e 139.3K Ataque de Fofura Romance/Moderno/Novo Atualizado até capítulo 85 \ue647 3.9M;1
9;Próxima página \ue629;1
9;support@mangatoon.mobi;1
9;contribute@mangatoon.mobi;1
9;@MangaToonEN;1
9;@MangaToon_PT;1
9;沪ICP备18017362号-1;1
8;[];169
8;7 hour ago;16
8;4 hour ago;12
8;3 hour ago;8
8;6 hour ago;7
8;1 day ago;6
8;2 hour ago;6
8;8 hour ago;6
8;2 day ago;5
8;3 day ago;4
8;5 hour ago;4
8;Chapter 7;3
8;Chapter 6;3
8;Chapter 16;3
8;[email protected];2
8;Chapter 12;2
8;Chapter 10;2
8;Chapter 5;2
8;Chapter 25;2
8;Chapter 24;2
8;Chapter 42;2
8;Chapter 18;2
8;Chapter 17;2
8;Chapter 15;2
8;Chapter 52;2
8;Chapter 8;2
8;ALL;2
8;1 hour ago;2
8;07-01 04:37;2
8;07-09 22:56;2
8;07-03 23:34;2
8;06-25 08:17;2
8;Login;1
8;Register;1
8;MENU;1
8;HOME;1
8;LATEST MANGA;1
8;HOT MANGA;1
8;NEW MANGA;1
8;COMPLETED MANGA;1
8;Rebirth Of The Urban Immortal Cultivator;1
8;Chapter 339;1
8;Immortal Swordsman in The Reverse World;1
8;Chapter 104;1
8;I'm The Great Immortal;1
8;Chapter 172;1
8;Metropolitan System;1
8;Chapter 289: Metropolitan System Chapter 289;1
8;The Hunter;1
8;Chapter 195;1
8;Hero? I Quit A Long Time Ago.;1
8;Chapter 197;1
8;Tomo-chan wa Onnanoko!;1
8;Vol.8 Chapter 953.6: Volume 8 Extras;1
8;Yong Heng Zhi Zun;1
8;Chapter 232;1
8;The Strongest God King;1
8;Chapter 108;1
8;Peerless Battle Spirit;1
8;Chapter 130;1
8;Martial Arts Reigns;1
8;Chapter 167;1
8;The Ghostly Doctor;1
8;Chapter 226;1
8;Metropolitan Supremacy System;1
8;Chapter 146;1
8;Strongest Abandoned Son;1
8;Chapter 138;1
8;Domestic na Kanojo;1
8;Chapter 276.2: Days With Hina;1
8;Starting From Today I'll Work As A City Lord;1
8;Chapter 180;1
8;The Mythical Realm;1
8;Chapter 206.1;1
8;Isekai Nonbiri Nouka;1
8;Chapter 122;1
8;Mousou Telepathy;1
8;Vol.7 Chapter 717.5: Volume 7: Extras;1
8;Rebirth: City Deity;1
8;Chapter 84;1
8;Oversimplified SCP;1
8;Chapter 133: SCP-1481;1
8;Chapter 132: SCP-3502;1
8;Chapter 131: SCP-ES-026;1
8;Burning Effect;1
8;Chapter 90;1
8;Chapter 89;1
8;Chapter 88;1
8;Kanojo ni Naritai Kimi to Boku;1
8;Vol.4 Chapter 47: Periwinkles;1
8;Vol.4 Chapter 46: My One Love in a Flower Basket;1
8;Vol.4 Chapter 45: The Flames of Love and the Ashes of Friendship;1
8;The Moon Witch and The Sun King: My Salvation;1
8;Chapter 11;1
8;Kanojo, Okarishimasu;1
8;Chapter 147: The Girlfriend and Lies (Part 1);1
8;Chapter 146: The Girlfriend and Family (Part 2);1
8;Chapter 145: The Girlfriend and Family (Part 1);1
8;Heisei Umare 2;1
8;Witch Hunter;1
8;Chapter 218: Innate ability;1
8;Chapter 217: Amusement park;1
8;Chapter 216: The first city;1
8;Omoi ga Omoi Omoi-san;1
8;Vol.2 Chapter 23: Order is important!;1
8;Vol.1 Chapter 22: Congratulations;1
8;Vol.1 Chapter 21: Surprise;1
8;I Will Die Soon;1
8;Chapter 64;1
8;Chapter 63;1
8;Chapter 62;1
8;Yukan Club;1
8;Chapter 15.3;1
8;Chapter 15.2;1
8;Chapter 15.1;1
8;My Wife is a Demon Queen;1
8;Chapter 206;1
8;Chapter 205;1
8;Chapter 204;1
8;Lonely Attack on a Different World;1
8;Chapter 26;1
8;Legend of the Northern Blade;1
8;Chapter 44;1
8;Chapter 43;1
8;Fukushuu o Koinegau Saikyou Yuusha wa, Yami no Chikara de Senmetsu Musou Suru;1
8;Chapter 20;1
8;Chapter 19;1
8;Kakushigoto - Secrets;1
8;Vol.3 Chapter 17;1
8;Vol.3 Chapter 16;1
8;Vol.3 Chapter 15;1
8;Emergency Love;1
8;Uruha no Sekai de Arisugawa;1
8;Vol.1 Chapter 6: Hizumi of the Uruha;1
8;Vol.1 Chapter 5: Black and Red;1
8;Vol.1 Chapter 4: You Can't Always Get What You Want;1
8;Vampire and Hunter;1
8;Chapter 28;1
8;Chapter 21: Never Go Shopping With An Angry Woman;1
8;Chapter 20: Misunderstanding;1
8;Tower into the Clouds;1
8;Chapter 91: Floor 27 (Later Half);1
8;Chapter 90: Floor 27 (Earlier Half);1
8;Chapter 89: Floor 27 (Beginning);1
8;Makikomarete Isekai Teni suru Yatsu wa, Taitei Cheat;1
8;Chapter 25.1;1
8;Chapter 23;1
8;Hantsu x Trash;1
8;Vol.16 Chapter 174: I've Decided...!;1
8;Vol.16 Chapter 173: I Can Become Stronger...!!;1
8;Vol.16 Chapter 172: Hot Water Paradise;1
8;Karakuri Circus;1
8;Vol.32 Chapter 308: Main Part - Days with Narumi - Act 7: Narumi's Void IV;1
8;Vol.32 Chapter 307: Main Part - Days with Narumi - Act 7: Narumi's Void III;1
8;Vol.32 Chapter 306: Main Part - Days with Narumi - Act 6: Narumi's Void II;1
8;Hime Koukan ～Otasaa no Hime ga Kareshi Koukan wo Goshomou na Ken～;1
8;Vol.4 Chapter 28: It's Possible...;1
8;Vol.4 Chapter 27: We Need To Check;1
8;Vol.4 Chapter 26: Comiket;1
8;Motoka's Cafeteria;1
8;Vol.2 Chapter 19: The Blue Tiger of Space;1
8;Vol.2 Chapter 18: Returning from the Prisoner's Planet;1
8;Vol.2 Chapter 17: The Moon Shines Like the Phantom Sun;1
8;Fechippuru ~Our Innocent Love~;1
8;Chapter 74: The Fetishist Trio;1
8;Chapter : 74;1
8;Vol.5 Chapter 73: One Door Closes... and Another Opens;1
8;JK Shousetsuka ppoi!;1
8;Chapter 14;1
8;Urasekai Picnic;1
8;Vol.1 Chapter 7: Kisaragi Station I;1
8;Vol.1 Chapter 6: Hasshaku-sama Survival IV;1
8;Vol.1 Chapter 5: Hasshaku-sama Survival III;1
8;Brother for Rent;1
8;Vol.3 Chapter 13;1
8;Vol.3 Chapter 11;1
8;Takasugi’s Tiny Delinquent Hero;1
8;Vol.1 Chapter 86: Said Twice;1
8;Vol.1 Chapter 85: Strict Observance;1
8;Vol.1 Chapter 84: Impossible X 3;1
8;Slime Life;1
8;Vol.4 Chapter 94: Errand and Slime Pt 1;1
8;Vol.4 Chapter 93: Pocona and Siroro;1
8;Vol.4 Chapter 92: Precocious Pocona;1
8;Gokudou Parasites;1
8;Chapter 24: How Good Would It Be If It Was A Dream;1
8;Chapter 23: Bol’šoj!!!;1
8;Chapter 22: What You Gave Me;1
8;FFF-Class Trashero;1
8;Chapter 51;1
8;Chapter 50;1
8;The Girl from Random Chatting!;1
8;Chapter 125: Speechless Child;1
8;Chapter 124: Small Fry;1
8;Chapter 123: Please;1
8;Maou Gun Saikyou no Majutsushi wa Ningen datta;1
8;Seishun Buta Yaro wa Petit Devil Kouhai no Yume wo Minai;1
8;Vol.1 Chapter 6;1
8;Vol.1 Chapter 5;1
8;Chapter 4;1
8;Onee-san wa Joshi Shougakusei ni Kyoumi ga arimasu.;1
8;Vol.4 Chapter 20: I Want To Lead This Love;1
8;Vol.3 Chapter 19.6: Extra ⑥;1
8;Vol.3 Chapter 19.5: Extra ⑤;1
8;Real no Heroine wa Irimasen!;1
8;Vol.6 Chapter 45;1
8;Vol.6 Chapter 44;1
8;Vol.6 Chapter 43;1
8;Kitsune Spirit;1
8;Chapter 61;1
8;Chapter 60;1
8;Chapter 59;1
8;A-bout!;1
8;Chapter 57: Card Selection;1
8;Chapter 56: The Eligible Person in the Eyes of 5 People;1
8;Chapter 55: Man Arrives at Breaking a Commandment;1
8;Satanofani;1
8;Vol.10 Chapter 84: Wai Khru Ram Muay;1
8;Chapter 83;1
8;Chapter 82;1
8;Her Elder Sister Has a Crush on Her, But She Doesn't Mind;1
8;Chapter 22: Siscon Elder Sister and the Correct Way to Use Your Pay;1
8;Chapter 21: Siscon Elder Sister and Spending Time With Little Sister;1
8;Chapter 20: Siscon Elder Sister and Mom Who Came to Her Workplace;1
8;Dazzlingly Bright;1
8;Afterschool Embankment Journal;1
8;Chapter 14: Rainy Season;1
8;Chapter 13.5: Eging;1
8;Chapter 13: Rock Fishing;1
8;Goblin Slayer: Side Story Year One;1
8;Chapter 41;1
8;Chapter 40;1
8;@CRC_Luna: Conspiracy Research Club;1
8;Vol.2 Chapter 34.5: Sneak Preview All Night Arcade - [email protected];1
8;Vol.2 Chapter 34: Dining In;1
8;Vol.2 Chapter 33.5: Taking Pride ^_~;1
8;Everywhere & Nowhere;1
8;Vol.2 Chapter 111: Warlord;1
8;Vol.2 Chapter 110: Prince Albert;1
8;Vol.2 Chapter 109: Darwin;1
8;Return of Immortal Emperor;1
8;Chapter 54: Cause;1
8;Chapter 53;1
8;Strike or Gutter;1
8;Chapter 27: A league match?;1
8;Chapter 26: Adults Only;1
8;Clinic of Horrors;1
8;Chapter 51: Eternal Gaming Café (Part 7);1
8;Chapter 50: Eternal Gaming Café (Part 6);1
8;Chapter 49: Eternal Gaming Café (Part 5);1
8;The Earl's Daughter was Suddenly Employed as the Crown Prince's Fiancée;1
8;Chapter 9;1
8;Tono no Kanri o Shite Miyou;1
8;Chapter 21: The 21st Floor: The Elves Species;1
8;Chapter 20: The 20th Floor: The New Division Managers;1
8;Chapter 19: The 19th Floor: The Shapeshift Skill;1
8;Is This What A God-Tier Game Means ?;1
8;Chapter 10: You Have The Smile Of An Angel;1
8;Chapter 9: Thrilling Hot-Blooded Hot Spring;1
8;Chapter 8: Incarnation Recommendation;1
8;I'm A Middle Schooler Becoming The Demon Lord;1
8;Vol.1 Chapter 20;1
8;Vol.1 Chapter 19;1
8;Vol.1 Chapter 18;1
8;Hidden Surface Town;1
8;Chapter 33: Becoming ugly;1
8;Chapter 32: Regretful happiness;1
8;Chapter 31: Whether you transform or not;1
8;Rifle is Beautiful;1
8;Vol.2 Chapter 25: Do you have any worries?;1
8;Vol.2 Chapter 24: Stars' gathering;1
8;Vol.2 Chapter 23: Bring it on;1
8;Sweet Bitter;1
8;MORE;1
8;Rebirth Of The Urban Immortal Cultivator - Chapter 339;1
8;The Strongest God King - Chapter 108;1
8;Let's Buy the Land And Cultivate in Different World - Chapter 16;1
8;I'm The Great Immortal - Chapter 172;1
8;Strongest Abandoned Son - Chapter 138;1
8;Tomo-chan wa Onnanoko! - Vol.8 Chapter 953.6: Volume 8 Extras;1
8;The World's Best Assassin, Reincarnated in a Different World as an Aristocrat - Chapter 8.1;1
8;Makikomarete Isekai Teni suru Yatsu wa, Taitei Cheat - Chapter 25.1;1
8;Tenseishichatta yo (Iya, Gomen) - Chapter 27: Spinel's Trap;1
8;Immortal Swordsman in The Reverse World - Chapter 104;1
8;Latest;1
8;Newest;1
8;Top view;1
8;Completed;1
8;Ongoing;1
8;Action;1
8;Adult;1
8;Adventure;1
8;Comedy;1
8;Cooking;1
8;Doujinshi;1
8;Drama;1
8;Ecchi;1
8;Fantasy;1
8;Gender bender;1
8;Harem;1
8;Historical;1
8;Horror;1
8;Isekai;1
8;Josei;1
8;Manhua;1
8;Manhwa;1
8;Martial arts;1
8;Mature;1
8;Mecha;1
8;Medical;1
8;Mystery;1
8;One shot;1
8;Psychological;1
8;Romance;1
8;School life;1
8;Sci fi;1
8;Seinen;1
8;Shoujo;1
8;Shoujo ai;1
8;Shounen;1
8;Shounen ai;1
8;Slice of life;1
8;Smut;1
8;Sports;1
8;Supernatural;1
8;Tragedy;1
8;Webtoons;1
8;Yaoi;1
8;Yuri;1
8;Read Manga;1
8;07-01 03:39;1
8;06-24 03:58;1
8;06-23 09:01;1
8;06-09 12:48;1
8;05-10 08:11;1
8;05-08 21:49;1
8;07-01 03:08;1
8;06-23 23:22;1
8;05-12 06:45;1
8;05-04 07:22;1
8;04-16 00:19;1
8;12-17 20:14;1
8;05-31 10:25;1
8;05-30 11:14;1
8;06-20 12:43;1
8;22 hour ago;1
8;06-26 18:21;1
8;06-30 06:10;1
8;06-23 07:27;1
8;07-01 11:37;1
8;06-25 06:53;1
8;06-11 03:43;1
8;05-26 07:02;1
8;05-28 07:05;1
8;05-14 12:22;1
8;06-28 22:08;1
8;06-22 04:11;1
8;06-13 05:35;1
8;05-23 09:16;1
8;06-19 07:54;1
8;04-06 08:43;1
8;21 hour ago;1
8;11-11 06:43;1
8;07-03 07:47;1
8;06-21 03:18;1
8;06-03 19:05;1
8;06-25 06:46;1
8;06-20 18:14;1
8;07-03 23:02;1
8;06-13 06:05;1
8;07-03 07:45;1
8;03-29 08:12;1
8;07-03 08:44;1
8;05-26 03:36;1
8;07-03 22:29;1
8;06-24 16:05;1
8;06-29 03:12;1
8;06-21 22:48;1
8;02-27 14:01;1
8;12-21 02:38;1
8;06-09 09:45;1
8;01-26 08:58;1
8;03-23 01:06;1
8;02-17 03:35;1
8;06-25 04:15;1
8;06-22 05:12;1
8;06-03 01:09;1
8;05-27 10:44;1
8;06-22 03:38;1
8;06-17 02:15;1
8;06-18 04:33;1
8;06-04 01:49;1
8;06-05 23:34;1
8;05-16 02:02;1
8;06-12 13:00;1
8;06-04 09:13;1
8;06-24 21:32;1
8;05-27 22:52;1
8;06-24 07:27;1
8;04-17 02:33;1
8;03-14 14:58;1
8;06-22 02:38;1
8;06-06 01:04;1
8;06-30 23:54;1
8;06-26 16:29;1
8;06-09 03:45;1
8;05-12 04:16;1
8;04-19 18:57;1
8;04-14 15:18;1
8;06-29 01:11;1
8;06-20 00:18;1
8;9 hour ago;1
8;06-28 22:10;1
8;06-25 19:00;1
8;Why You Should Read Manga Online at Mangakakalot.com ?;1
8;There are many reasons you should read Manga online, and if you are a fan of this unique storytelling style then learning about them is a must. One of the biggest reasons why you should read Manga online is the money it can save you. While there's nothing like actually holding a book in your hands, there's also no denying that the cost of those books can add up quickly. So why not join the digital age and read Manga online? Another big reason to read Manga online is the huge amount of material that is available. When you go to a comic store or other book store their shelves are limited by the space that they have. When you go to an online site to read Manga those limitations don't exist. So if you want the best selection and you also want to save money then reading Manga online should be an obvious choice for you;1
8;©2016 Mangakakalot.com, all rights reserved. Top speed, completely free.;1
8;Current Time is Jul-08-2020 08:21:11 AM.;1
8;If you have questions about anything or advertising, please contact us at [email protected];1
8;content notification;1
7;Black Clover;4
7;Contato;3
7;Animes;2
7;Comédia;2
7;Ação;2
7;Aventura;2
7;Fantasia;2
7;Drama;2
7;Ficção Científica;2
7;Mistério;2
7;Desenhos;2
7;Romance;2
7;Inicio;2
7;Fruits Basket(2019);2
7;Shadowverse (TV);2
7;Wu Geng Ji;2
7;Pokémon (2019);2
7;Naruto Shippuden;2
7;Boku no Hero Academia;2
7;Nanatsu no Taizai;2
7;One Piece;2
7;Boruto;2
7;Kimetsu no Yaiba;2
7;Bleach;2
7;One Punch Man;2
7;Naruto Clássico;2
7;Fairy Tail;2
7;Os Simpsons;2
7;Tokyo Ghoul;2
7;Steven Universe;2
7;Dragon Ball Z;2
7;Futurama;2
7;Rick and Morty;2
7;Tokyo Ghoul:re;2
7;COMUNICADO;1
7;[];1
7;PÁGINA INICIAL;1
7;GÊNEROS;1
7;CALENDÁRIO;1
7;Todos os animes;1
7;Mashin Sentai Kiramag...;1
7;Mashin Sentai Kiramager;1
7;The God Of High Schoo...;1
7;The God Of High School;1
7;Argonavis From BanG D...;1
7;Argonavis From BanG Dream!;1
7;» Ver mais;1
7;Dragon Ball Super Dub...;1
7;Dragon Ball Super Dublado e Legendado;1
7;Shingeki no Kyojin (A...;1
7;Shingeki no Kyojin (Attack on titan);1
7;Nanatsu no Taizai: Ka...;1
7;Nanatsu no Taizai: Kamigami no Gekirin – Ira dos Deuses;1
7;Hunter x Hunter (2011...;1
7;Hunter x Hunter (2011);1
7;Star vs. As Forças d...;1
7;Star vs. As Forças do Mal;1
7;Tate no Yuusha no Nar...;1
7;Tate no Yuusha no Nariagari;1
7;2;1
7;3;1
7;4;1
7;5;1
7;81;1
7;»;1
7;Crimes;1
7;Em Lançamento;1
7;Filmes;1
7;Guerra e política;1
7;HD Disponível;1
7;Jogos;1
7;Kids;1
7;Series;1
7;Sobrenatural;1
7;suspense;1
7;Terror;1
7;Termos de Uso;1
7;Transformice Pirata;1
7;Hentais Online;1
7;Infelizmente, diversos episódios estão fora do ar. Estamos trabalhando para correção total o mais rápido possível!;1
7;Obs.: a atualização e postagem de novos animes continuam normalmente.;1
7;Desculpem-nos pelo transtorno!;1
6;[];54
6;Animes Online;4
6;Ver Mais;3
6;Inicio;2
6;Lista de Animes;2
6;Legendado;2
6;Dublado;2
6;Episodios;2
6;Gêneros;2
6;8.5;1
6;8.3;1
6;8.2;1
6;7.8;1
6;8.0;1
6;ALL;1
6;A;1
6;B;1
6;C;1
6;D;1
6;E;1
6;F;1
6;G;1
6;H;1
6;I;1
6;J;1
6;K;1
6;L;1
6;M;1
6;N;1
6;O;1
6;P;1
6;Q;1
6;R;1
6;S;1
6;T;1
6;U;1
6;V;1
6;W;1
6;X;1
6;Y;1
6;Z;1
6;Darling in the Franxx Todos os Episodios Online;1
6;Boku no Hero Academia 1 Temporada Online;1
6;Haikyuu!! Todos os Episodios Online;1
6;Hunter x Hunter 2011 Todos os Episodios Online;1
6;Fairy Tail Todos os Episodios Online;1
6;JoJo’s Bizarre Adventure Todos os Episodios Online;1
6;Tokyo Ghoul Todos os Episodios Online;1
6;High School DxD Todos os Episodios Online;1
6;Kuroko No Basket Todos os Episodios Online;1
6;Douluo Dalu (Soul Land) Todos os Episodios Online;1
6;Darling in the Franxx Episodio 1;1
6;Boku no Hero Academia 4 Episodio 25;1
6;Nanatsu no Taizai: Kamigami no Gekirin Episodio 24;1
6;Black Clover Episodio 133;1
6;Gleipnir Episodio 13;1
6;Plunderer Episodio 24;1
6;Muhyo to Rouji no Mahouritsu Soudan Jimusho 2 Episodio 1;1
6;Great Pretender Episodio 10;1
6;Stellar Transformations 2 Episodio 1;1
6;Fruits Basket 2nd Season Episodio 14;1
6;The God of High School Episodio 1;1
6;Pokémon (2019) Episodio 27;1
6;Douluo Dalu (Soul Land) Episodio 111;1
6;Digimon Adventure (2020) Episodio 5;1
6;One Piece Episodio 931;1
6;Maou Gakuin no Futekigousha: Shijou Saikyou no Maou no Shiso, Tensei shite Shison-tachi no Gakkou e Episodio 1;1
6;Monster Musume no Oisha-san Episodio 1;1
6;Enen no Shouboutai: Ni no Shou Episodio 1;1
6;Bungou to Alchemist: Shinpan no Haguruma Episodio 8;1
6;Dokyuu Hentai HxEros Episodio 1;1
6;Great Pretender Episodio 9;1
6;The God of High School;1
6;Maou Gakuin no Futekigousha: Shijou Saikyou no Maou no Shiso, Tensei shite Shison-tachi no Gakkou e;1
6;Monster Musume no Oisha-san;1
6;Dokyuu Hentai HxEros;1
6;Rakshasa Street;1
6;Great Pretender;1
6;Ano Natsu de Matteru;1
6;Gochuumon wa Usagi Desuka?;1
6;Genshiken;1
6;Gekkan Shoujo Nozaki-kun;1
6;Yuru Yuri;1
6;Nisekoi;1
6;Hitori No Shita: The Outcast;1
6;ReLIFE;1
6;Xing Chen Bian (Legend of Immortal);1
6;Boku no Hero Academia 2016 8.5;1
6;Haikyuu!! 2020 8.3;1
6;Nanatsu no Taizai 2019 8.2;1
6;Ishuzoku Reviewers 2020 7.8;1
6;Black Clover 2017 8.0;1
6;2020;1
6;2019;1
6;2018;1
6;2017;1
6;2016;1
6;2015;1
6;2014;1
6;2013;1
6;2012;1
6;2011;1
6;2010;1
6;2009;1
6;2008;1
6;2007;1
6;2006;1
6;Contato;1
6;DMCA;1
6;Animes Online. A melhor maneira de assistir animes online grátis, basta dar play e ver seus animes favoritos em hd, atualizados diariamente.;1
5;[];26
5;ASSISTA ONLINE;12
5;chevron_right;11
5;\ue5c5;5
5;HDEpisódio 01;4
5;search;3
5;assignment_ind;3
5;Youtubers Parceiros;2
5;Últimos adicionados;2
5;Últimos Lançamentos - Assistir Animes Online;2
5;Sociais;2
5;Propaganda;2
5;Melhores da Temporada (MAL);2
5;account_circle;2
5;HDEpisódio 13;2
5;dehaze;1
5;\ue88a;1
5;\ue02f;1
5;\ue8ef;1
5;whatshot;1
5;\ue8df;1
5;group;1
5;group_add;1
5;explore;1
5;help;1
5;local_library;1
5;\ue87b;1
5;card_giftcard;1
5;star;1
5;forum;1
5;assignment;1
5;\ue88a Inicio;1
5;\ue02f Conteúdo \ue5c5;1
5;\ue8ef Lista de Animes;1
5;whatshot Pedidos;1
5;\ue8df Calendário;1
5;group Equipe \ue5c5;1
5;assignment_ind Membros;1
5;group_add Recrutamento;1
5;explore Explorar \ue5c5;1
5;help Tutorial;1
5;local_library Notícias;1
5;\ue87b Silvers;1
5;card_giftcard Cupom;1
5;assignment_ind Suporte;1
5;star Ranking \ue5c5;1
5;chevron_right Comentários;1
5;chevron_right Diário;1
5;chevron_right Semanal;1
5;chevron_right Mensal;1
5;chevron_right Geral;1
5;chevron_right Total;1
5;forum Comunidade \ue5c5;1
5;chevron_right Fórum;1
5;chevron_right Facebook;1
5;chevron_right Youtube;1
5;chevron_right Instagram;1
5;chevron_right Discord;1
5;assignment_ind Conectar;1
5;assignment Registrar;1
5;Keppeki Danshi! Aoyama-kun;1
5;Made in Abyss;1
5;Kiznaiver;1
5;Kobayashi-san Chi no Maid Dragon;1
5;Hello World;1
5;Musaigen no Phantom World;1
5;Asatir: Mirai no Mukashibanashi – Episódio 13;1
5;Muhyo to Rouji no Mahouritsu Soudan Jimusho 2 – Epis�…;1
5;Umayon – Episódio 01;1
5;Komatta Jiisan – Episódio 13;1
5;Komatta Jiisan – Episódio 12;1
5;HDEpisódio 12;1
5;Black Clover – Episódio 133;1
5;HDEpisódio 133;1
5;Great Pretender – Episódio 10;1
5;HDEpisódio 10;1
5;Fruits Basket 2 – Episódio 14;1
5;HDEpisódio 14;1
5;Asatir: Mirai no Mukashibanashi – Episódio 01;1
5;Another World – ONA 01;1
5;HDONA 01;1
5;Olympia Kyklos – Episódio 07;1
5;HDEpisódio 07;1
5;Lapis Re:LiGHTs – Episódio 01;1
5;« Primeira;1
5;«;1
5;2;1
5;3;1
5;4;1
5;5;1
5;»;1
5;Última »;1
5;Kaguya-sama wa Kokurasetai 2;1
5;Kingdom 3;1
5;Fruits Basket 2;1
5;Honzuki no Gekokujou 2;1
5;Kami no Tou;1
5;BNA;1
5;Yesterday wo Utatte;1
5;Otome Game;1
5;Shokugeki no Souma 5;1
5;Kakushigoto;1
5;DMCA;1
5;Suporte;1
5;Privacy;1
5;Ajuda / FAQ;1
4;April 3, 2019;217
4;[];76
4;April 2, 2019;15
4;← Back to Light Novel Bastion;6
4;Lost your password?;4
4;HOME;3
4;NEWS;3
4;CONTACT US;3
4;Sign in;3
4;Donations;2
4;NOVELS;2
4;Register;2
4;-;2
4;Action;2
4;Adventure;2
4;Drama;2
4;Ecchi;2
4;Fantasy;2
4;Mature;2
4;Tragedy;2
4;Password *;2
4;Want to support Yoshi's translations? Head over to the Donations Page;1
4;2 days ago;1
4;July 3, 2020;1
4;June 24, 2020;1
4;June 6, 2020;1
4;May 31, 2020;1
4;May 30, 2020;1
4;May 17, 2020;1
4;May 8, 2020;1
4;May 7, 2020;1
4;May 4, 2020;1
4;April 27, 2020;1
4;April 18, 2020;1
4;April 13, 2020;1
4;April 3, 2020;1
4;March 30, 2020;1
4;March 22, 2020;1
4;March 21, 2020;1
4;March 15, 2020;1
4;March 6, 2020;1
4;March 1, 2020;1
4;February 26, 2020;1
4;February 23, 2020;1
4;February 8, 2020;1
4;January 26, 2020;1
4;January 17, 2020;1
4;January 11, 2020;1
4;January 5, 2020;1
4;December 22, 2019;1
4;December 15, 2019;1
4;December 14, 2019;1
4;November 28, 2019;1
4;November 12, 2019;1
4;November 7, 2019;1
4;October 16, 2019;1
4;October 4, 2019;1
4;September 18, 2019;1
4;September 16, 2019;1
4;August 29, 2019;1
4;August 26, 2019;1
4;August 5, 2019;1
4;July 31, 2019;1
4;July 21, 2019;1
4;July 5, 2019;1
4;June 24, 2019;1
4;June 7, 2019;1
4;June 1, 2019;1
4;May 20, 2019;1
4;May 4, 2019;1
4;April 21, 2019;1
4;April 11, 2019;1
4;Advanced;1
4;Densuke;1
4;Read Latest;1
4;Read Last;1
4;A Decrease font size.;1
4;A Reset font size.;1
4;A Increase font size.;1
4;Appendix 4 - Explanation of races that have appeared;1
4;Appendix 3 - Adventurers’ Guild explanation;1
4;Appendix 2 - Monster explanation - Ranks and more;1
4;Appendix 1 - Magic explanation – Up until Volume 3;1
4;Volume 10;1
4;Death Mage Side Chapter 33 - A strange consistency;1
4;Death Mage 230 - The true ruler who has an enormous statue of himself built;1
4;Death Mage 229 - Gods gaze at the chaos, the Demon King pretends to be the Demon King;1
4;Death Mage 228 - Those who look up at the sky;1
4;Death Mage 227 - Those who can’t read the air;1
4;Death Mage 226 - The calm before the thunderclouds;1
4;Death Mage 225 - The Demiurge that grows from the ground when summoned;1
4;Death Mage Side Chapter 32 - God's Will;1
4;Death Mage 224 - The screams of Vampires echo, a peaceful day;1
4;Death Mage 223 - The destruction of joyful life and the Demon King’s party welcomes the lost lambs;1
4;Death Mage 222 - Those who toy with Guduranis;1
4;Death Mage 221 - This is the Demon King’s ‘city’;1
4;Death Mage 220 - The one who manipulates from the shadows and the ones who shine;1
4;Death Mage 219 - A house of puppets;1
4;Death Mage 218 - The truth buried in darkness;1
4;Death Mage 217 - The labyrinth lying in wait and the Demon King that can be met in dreams;1
4;Death Mage 216 - Beyond the door is -;1
4;Death Mage 215 - A way to make artificial limbs one’s own;1
4;Death Mage 214 - Those who believe will be saved;1
4;Death Mage Side Chapter 31 - Ties of obligation that come to an end;1
4;Death Mage 213 - Those who are persistent and the man who gives up;1
4;Death Mage 212 - The encroachment of the city of Morksi;1
4;Death Mage 211 - Those who crawl in the night and echoing screams;1
4;Death Mage 210 - The food cart business will continue;1
4;Death Mage 209 - Charge! You're dinner?!;1
4;Death Mage 208 - A peaceful week for the Demon King;1
4;Death Mage 207 - Those who are truly starving;1
4;Death Mage 206 - The starving wolf who visits the Demon King opening his food cart business;1
4;Death Mage 205 - The time for mutation has come!;1
4;Death Mage 204 - Towards a temporary registration;1
4;Volume 9;1
4;Death Mage Volume 9 Character Summary - Part 2;1
4;Death Mage Volume 9 Character Summary - Part 1;1
4;Death Mage Side Chapter 30 - The former idol who likes her third life;1
4;Death Mage Side Chapter 29 - The determination of certain former slaves;1
4;Death Mage 203 - In the city, as if nothing happened;1
4;Death Mage 202 - A draw? A huge defeat?;1
4;Death Mage 201 - A confirmed defeat;1
4;Death Mage 200 - A conversation for something very important;1
4;Death Mage 199 - Hard mode in both worlds;1
4;Death Mage Side Chapter 28 - Meanwhile in Origin, in the absence of the god of reincarnation;1
4;Death Mage 198 - Winter is a season of meetings and farewells;1
4;Death Mage 197 - The steps of the Holy Mother Killers, and the Demon King spirited away;1
4;Death Mage 196 - Blood, blessings and a curse that bears fruit;1
4;Death Mage 195 - Squeezing information from a hyena and supplying the Vampires;1
4;Death Mage 194 - Encroaching on the kingdom while humming a tune;1
4;Death Mage 193 - The Demon King dreams;1
4;Side Chapter 27 - The hero finally faces the Demon King, and suspicions deepen;1
4;Chapter 192 - Mother’s return and a growing family?;1
4;Chapter 191 - You accomplished it;1
4;Chapter 190 - Storm and eclipse;1
4;Chapter 189 - A moving storm, a growing mother and son, and people who can’t join forces;1
4;Chapter 188 - The squirming Demon King and his fragments;1
4;Chapter 187 - An expanding nation and the Demon King that refuses to strike;1
4;Chapter 186 - The resurrection of the Demon King;1
4;Chapter 185 - Gods passing by each other;1
4;Chapter 184 - The champion’s wish echoes in the sky of those who receive the eclipse’s blessing;1
4;Chapter 183 - The darkness of the ocean vs. the darkness above the water’s surface;1
4;Chapter 182 - Name: Cuatro;1
4;Side Chapter 26 - Meanwhile, three separate groups of reincarnated individuals...;1
4;Chapter 181 - The second plan and the midwinter ocean;1
4;Chapter 180 - Posing to say that negotiations are possible;1
4;Chapter 179 - A mother-daughter conversation and a strange reunion;1
4;Volume 8;1
4;V8 Timeline - Timeline of events up until end of Volume 8;1
4;V8 Character Summary - V8 Character Summary Page part 2 + Race introductions;1
4;V8 Character Summary - V8 Character Summary Page Part 1;1
4;Side Chapter 25 - A mother who wants to grow stronger, an emperor who wants his bloodline to continue and reincarnated individuals who want their message read;1
4;Chapter 178 - Gestation time and the movements of factions;1
4;Chapter 177 - The root of life;1
4;Chapter 176 - Gufadgarn, the evil god of labyrinths;1
4;Chapter 175 - There are some things that even an illusion cannot be forgiven for;1
4;Chapter 174 - Those who pass through the gate and those who cannot even stand before it;1
4;Chapter 173 - A false image self;1
4;Chapter 172 - You cannot escape from the world!;1
4;Chapter 171 - An echoing scream;1
4;Chapter 170 - Those who lead and those who follow;1
4;Chapter 169 - The clearing of the Trial of Zakkart begins;1
4;Chapter 168 - Those who wait for the trial and those who face it;1
4;Chapter 167 - The two small remaining tasks;1
4;Chapter 166 - The lawless area in the capital;1
4;Chapter 165 - Improve yourself and let us compete;1
4;Chapter 164 - The princess and marshal’s worries;1
4;Chapter 163 - The emperor's coronation;1
4;Chapter 162 - The Demon King Vandalieu gazes at his form from the distant past;1
4;Chapter 161 - A chance meeting with a goddess;1
4;Chapter 160 - A path that continues in a dream;1
4;Chapter 159 - Nation visits continued;1
4;Chapter 158 - The troubled Perseus;1
4;Chapter 157 - The Kijin nation and a kindred-spirit;1
4;Chapter 156 - The birth of the queen bee of purgatory, and the Six Horn Battle-Demons standing in the way;1
4;Side Chapter 24 - Rising in the west and setting in the east;1
4;Chapter 155 - Bone Blades and ten left;1
4;Chapter 154 - Severed bonds;1
4;Volume 7;1
4;Appendix 7 - Luciliano’s report 2 – Kasim’s spring;1
4;Appendix 6 - An introduction to the races - Arachne, Empusa and Majin + Extra;1
4;V7 Character Summary - V7 Character Summary Page;1
4;Chapter 153 - The empire’s strategy and a birthday celebration;1
4;Chapter 152 - Please let me borrow your face for a moment;1
4;Chapter 151 - Not even an appetizer;1
4;Chapter 150 - Don’t underestimate human strength!;1
4;Chapter 149 - The warning that becomes silent;1
4;Side Chapter 23 - Reincarnated individuals here and there, and the god of thunderclouds;1
4;Chapter 148 - The true end of an evil god and the squirming Fifteen Evil-breaking Swords;1
4;Chapter 147 - An audience with the gods - a suggestion to become emperor and a delicious snack;1
4;Chapter 146 - Our nation will return to being an ordinary kingdom;1
4;Chapter 145 - This monster –;1
4;Chapter 144 - Ravovifard’s plan for certain victory;1
4;Chapter 143 - I’m a demon, even without being told;1
4;Side Chapter 22 - The Fifteen Evil-breaking Swords and the sixth reincarnated individual;1
4;Chapter 142 - The king working in the nation three days after conquering it, and the emperor in the empire;1
4;Chapter 141 - Strong meat offering;1
4;Chapter 140 - Survival of the fittest;1
4;Chapter 139 - People who need to take leave;1
4;Chapter 138 - The illusion of a decisive battle in Zozogante’s Great Forest;1
4;Chapter 137 - The shocking truth that is now revealed;1
4;Chapter 136 - The king, the prince and the emperor;1
4;Chapter 135 - The Holy Son and his companions that will face great trials, and going out to gather what is needed;1
4;Chapter 134 - Visit to Zanalpadna;1
4;Chapter 133 - Princess Kurnelia’s vi~sit~;1
4;Chapter 132 - Is there anyone equivalent to an A-class adventurer present?;1
4;Chapter 131 - The spider-san’s request to kill her;1
4;Side Chapter 21 - The reincarnated individuals’ counseling;1
4;Chapter 130 - The first day in the southern region, I met a spider-san at the edge of the forest;1
4;Volume 6;1
4;V6 Character Summary - V6 Character Summary Page;1
4;Chapter 129 - The heroes comforting the king with their bodies;1
4;Chapter 128 - The leaping sphere of flesh;1
4;Chapter 127 - Mountains cannot be moved for now;1
4;Chapter 126 - How to counter a cheat-like ability that forces cardiopulmonary arrest;1
4;Chapter 125 - The eyes of heaven that look this way. And a great scythe is raised;1
4;Chapter 124 - The Sword King’s determination, the hound’s glory, the lips that form an arc;1
4;Chapter 123 - They’re coming! But let’s prioritize going south for now;1
4;Chapter 122 - The threat lying in wait and the threat closing in;1
4;Chapter 121 - The meaty visitor in the dead of the night;1
4;Side Chapter 20 - The mastermind reveals himself, but the stage is set in Lambda (From Origin to Lambda);1
4;Side Chapter 19 - A blind eye is turned to two (Origin);1
4;Side Chapter 18 - I’ve won (Origin);1
4;Side Chapter 17 - Chain of events (Origin);1
4;Side Chapter 16 - Preliminary encounter (Origin);1
4;Side Chapter 15 - Meanwhile, Heinz and his companions;1
4;Chapter 120 - A light ruler, and squirming;1
4;Chapter 119 - The man who sends the king flying;1
4;Volume 5;1
4;Appendix 5 - Scylla race introduction + Interview with an evil god;1
4;V5 Character Summary - V5 Character Summary Page;1
4;Side Chapter 14 - Luciliano’s report – Lower section + Epilogue;1
4;Side Chapter 13 - Luciliano's report - Upper section;1
4;Side Chapter 12 - The gods watching from afar, and others;1
4;Chapter 118 - Objectives are about 70% complete;1
4;Chapter 117 - Dear younger brother;1
4;Chapter 116 - The final revenge and the almost-forgotten princess knight;1
4;Chapter 115 - Plunderer;1
4;Chapter 114 - The Trojan horse plan and the one whose left hand I have;1
4;Chapter 113 - Target Booking;1
4;Side Chapter 11 - Those squirming in other worlds (Earth, Origin);1
4;Chapter 112 - Q: Is this a prisoner? A: No, it is live bait.;1
4;Chapter 111 - Let’s look at each other’s eyes and talk;1
4;Chapter 110 - Eclipse King and Tentacle King;1
4;Chapter 109 - The approaching evil;1
4;Chapter 108 - The history of the Scylla race;1
4;Chapter 107 - Lucky sukebes are suckers;1
4;Chapter 106 - Regarding the difficulty of communication between races;1
4;Chapter 105 - A person who won’t be escorted;1
4;Chapter 104 - There’s nothing that can be done, but I want rice;1
4;Chapter 103 - The disappointed half-Vampire and the mad Pure-Breed Vampire;1
4;Side Chapter 10 - Rodcorte and the two’s decision;1
4;Chapter 102 - A chance meeting with a god;1
4;Chapter 101 - The meeting between those who crawl on the ceiling;1
4;Chapter 100 - Dungeon-clearing is effective against back pain;1
4;Chapter 99 - The changing omens and citizens;1
4;Chapter 98 - The one who guides and the ones who go on;1
4;Chapter 97 - The Cream Expedition’s conclusion!;1
4;Volume 4;1
4;Side Chapter 9 - Everyday life in Talosheim;1
4;Side Chapter 8 - Meanwhile, in the western region of the continent;1
4;V4 Character Summary - V4 Character Summary Page;1
4;Side Chapter 7 - Thinking about him from a faraway place;1
4;Chapter 96 - A poorly-ending conspiracy and future plans;1
4;Chapter 95 - Fire;1
4;Chapter 94 - The half-Vampire’s house visit to conquer the monkey;1
4;Chapter 93 - The Monster who won’t give up;1
4;Chapter 92 - The troops led by a herbivorous man vs the Red Wolf Knights' Order;1
4;Chapter 91 - It would have been good if nothing happened, but...;1
4;Chapter 90 - Let’s go, you sorry bastards!;1
4;Chapter 89 - Acquiring milk;1
4;Chapter 88 - The king pulls the strings;1
4;Chapter 87 - Actually, let’s get on with creating a currency;1
4;Chapter 86 - The Eclipse King’s Orchard;1
4;Chapter 85 - A king who visits the people;1
4;Chapter 84 - Mountains don’t move… so they’re simpler than people;1
4;Chapter 83 - The difference between making requests and making a selection;1
4;Chapter 82 - The shadow gnawing at the slave-run mine and the approaching threat;1
4;Chapter 81 - The sunken house of the duke and visiting the cultivation village again;1
4;Chapter 80 - The man who comes to an end with his third time;1
4;Chapter 79 - Fanning the flames in the underground graveyard;1
4;Chapter 78 - The departing ominous bird covers its trail and secretly threatens the capital;1
4;Chapter 77 - Abandoning the duchy, unable to forgive the enemy;1
4;Chapter 76 - To adventurers at the Adventurers’ Guild;1
4;Chapter 75 - Charge! The local criminal syndicate;1
4;Chapter 74 - Smooth flight through the sky, eating various things in the city;1
4;Chapter 73 - Scum approaching from afar and a scoundrel lurking nearby;1
4;Chapter 72 - The man who wants a fourth time;1
4;Chapter 71 - If there’s nothing to eat, you can eat Goblins, can’t you?;1
4;Chapter 70 - The peculiar, sharp-tongued, flying beast (7 years old);1
4;Chapter 69 - Making a decision with someone’s life in the first village;1
4;Chapter 68 - The Hartner Duchy has gone through a decline;1
4;Side Chapter 6 - Kaidou Kanata;1
4;Chapter 67 - The first mission – Good afternoon, King;1
4;Volume 3;1
4;V3 Character Summary - V3 Character Summary Page;1
4;Chapter 66 - The bell signaling the end sounds clear, but it sounds unpleasant to a god;1
4;Side Chapter 5 - Vida;1
4;Side Chapter 4 - Meanwhile, an S-class adventurer…;1
4;Side Chapter 3 - The conspiracies of three parties;1
4;Chapter 65 - Now then, please pay your compulsory fee of goods;1
4;Chapter 64 - Play and sing a gloomy, unpleasant marching song;1
4;Chapter 63 - Ah, the sound of revenge is so sweet.;1
4;Chapter 62 - Let’s play the melody of death throes using disease, weapons and the sun;1
4;Chapter 61 - The prelude, played with dissonance and percussion instruments;1
4;Chapter 60 - The conductors and performers watching over the instruments headed for the stage;1
4;Chapter 59 - The Eclipse King is cursed by the marshal;1
4;Chapter 58 - The toiling soldiers and the Eclipse King serving beautiful women;1
4;Chapter 57 - The Eclipse King is crowned, and a saint receives a Divine Message;1
4;Chapter 56 - I’m crowned as a result of the Mayonnaise Meeting;1
4;Chapter 55 - Sometime after autumn, insects will be drawn to the light;1
4;Chapter 54 - They approach as I’m playfully bitten and creating forests;1
4;Chapter 53 - The horns of war are still distant, but fighting forces must be gathered steadily;1
4;Side Chapter 2 - The only remaining god of the eleven gods;1
4;Chapter 52 - What’s impossible is impossible. So then let’s think of a method that is possible.;1
4;Volume 2;1
4;Character Summary - V1+2 Character Summary Page;1
4;Side Chapter 1 - In a Divine Realm;1
4;Chapter 51 - You’re an enemy;1
4;Chapter 50 - The battle against the Dragon Golem that was seventy percent destroyed by the hero;1
4;Chapter 49 - The victory against the mid-boss was unfulfilling, but the Dragon Golem is next;1
4;Chapter 48 - It seems I’ve become a place for insects;1
4;Chapter 47 - Let’s launch things with a high amount of bloodthirst;1
4;Chapter 46 - Preparing defenses while desperate and out of my mind;1
4;Chapter 45 - Apparently I’m her number one and only one;1
4;Chapter 44 - I will end you completely__ there is no future for you;1
4;Chapter 43 - Something that cannot be run from, cannot be disobeyed, that doesn’t exist;1
4;Chapter 42 - Shadows of unrest approach unseen;1
4;Chapter 41 - Let’s take life one step at a time without rushing things;1
4;Chapter 40 - Human society is in good shape, but more importantly, I want seaweed;1
4;Chapter 39 - With honor and fame, without land or a successor. That’s the kind of nobleman I want to be.;1
4;Chapter 38 - The Dungeon boss is disappointing;1
4;Chapter 37 - Can this be called clearing a Dungeon?;1
4;Chapter 36 - Spartan training supported with praise;1
4;Chapter 35 - A new life has been born, so let’s adjust our living environment;1
4;Chapter 34 - My first time getting a Job, but I won’t go into a Dungeon yet;1
4;Chapter 33 - A new resolve on my third birthday;1
4;Chapter 32 - A journey of self-discovery and Rank up;1
4;Chapter 31 - Forced to be white. What’s resting, again?;1
4;Chapter 30 - I’m fine with being the Prophesized Holy Son;1
4;Chapter 29 - The Black Ghoul King and the One-Armed Sword King;1
4;Chapter 28 - The conditions in which the first objective can be achieved;1
4;Chapter 27 - In a new land. Apparently I am the Prophesized Holy Son;1
4;Volume 1;1
4;Chapter 26 - Overcoming the difficulties, standing before a new land;1
4;Chapter 25 - The journey by carriage, pushing through the mountains;1
4;Chapter 24 - I, my allies and my enemies cannot be stopped once we start moving;1
4;Chapter 23 - The truth I learn as I approach three years of age, and the enemy of my enemy is an enemy;1
4;Chapter 22 - During the aftermath of war, the number of followers increases;1
4;Chapter 21 - An unsightly, humorous boss fight;1
4;Chapter 20 - Let us smash the noble pigs’ noses;1
4;Chapter 19 - Carrying out a dirty attack;1
4;Chapter 18 - The enemy of the enemy has begun moving, but preparations continue anyway;1
4;Chapter 17 - He was supposed to become the Ghoul King because of his skills.;1
4;Chapter 16 - Skills make one the Ghoul King;1
4;Chapter 15 - The half-vampire solving the problem of declining birth rates and the noble pig-man burning with ambition;1
4;Chapter 14 - The lessons of applying anti-aging to the teacher;1
4;Chapter 13 - The surprises that shorten a lifespan too much;1
4;Chapter 12 - Carnival in the Ghoul community;1
4;Chapter 11 - Did you think you’d saved a beautiful girl?;1
4;Chapter 10 - Armor in both hands, speaking of dreams;1
4;Chapter 9 - The second life that begins after death;1
4;Chapter 8 - Encountering an optional gate and challenging it;1
4;Chapter 7 - Unlasting revenge complete, now, work hard;1
4;Chapter 6 - Bandits provide good leveling experience;1
4;Chapter 5 - An idea: If I can't get stronger, then those around me should get stronger instead.;1
4;Chapter 4 - Love for the sun;1
4;Chapter 3 - A hikikomori at six months old;1
4;Chapter 2 - Hard mode begins, insanity takes over;1
4;Chapter 1 - The Beginning of The Third Time;1
4;Chapter 0 - The end of the first and second time;1
4;Login;1
4;Comedy;1
4;Cooking;1
4;Detective;1
4;Harem;1
4;Historical;1
4;Horror;1
4;Martial Arts;1
4;Mecha;1
4;Modern;1
4;Mystery;1
4;One shot;1
4;Romance;1
4;School Life;1
4;Sci-fi;1
4;Slice of Life;1
4;Sports;1
4;Supernatural;1
4;Privacy Policy;1
4;Cookie Policy;1
4;Sign Up;1
4;Log in;1
4;wpDiscuz;1
4;Ok;1
4;No;1
4;Privacy policy;1
4;A Decrease font size. A Reset font size. A Increase font size.;1
4;Amamiya Hiroto is unlucky. His life consisted of misfortune after misfortune, culminating in an unlucky death during an incident on a school boat trip, trying to save a girl he barely knew. After death, he met a god of reincarnation who requested that the hundred or so dead passengers—one of them being the girl he tried in vain to save—be reincarnated into another world.;1
4;Yet a series of unfortunate events forced Hiroto to reincarnate with even less luck than before, starting with nothing but a tremendous amount of Mana. His second life, far worse than his first, came to a cruel end.;1
4;However, upon meeting the god a second time, he was informed that there would be yet another reincarnation—one that had already been set in motion and could not be stopped. Not wanting Hiroto to endure a third life filled with suffering, the god cursed him before he was reborn in the hopes that he would either die quickly or commit suicide.;1
4;Hiroto was reborn once more as a half-vampire, half-dark elf. A dhampir. Not wanting a fourth life, he is determined to live this third life with the only things remaining from his previous lives—Death Magic and his enormous Mana pool.;1
4;Translator: Yoshi Editors: Sebas Tian, Dakarans, Tahaku, Brinator;1
4;Praise the night mode;1
4;Is this newly translated or is it from an older volume?;1
4;Just letting you guys know, I really appreciate you translating this. Thanks;1
4;Copyright © 2019 LNB. All rights reserved;1
4;Username or Email Address *;1
4;Remember Me;1
4;Register For This Site.;1
4;Username *;1
4;Email Address *;1
4;Log in | Lost your password?;1
4;Please enter your username or email address. You will receive a link to create a new password via email.;1
4;Username or Email Address;1
3;[];155
3;Chapter 1;6
3;Military and Gun Affairs Collection.;6
3;Oneshot;6
3;Follows;4
3;Chapter 8;4
3;Kanojo, Okarishimasu;4
3;Ganbare, Douki-chan;4
3;The Manga Slogans Thread;4
3;Top 10 strongest MangaDex Users;4
3;Kaguya-sama wa Kokurasetai: Tensai-tachi no Renai Zunousen;4
3;Manga;3
3;Forums;3
3;Discord;3
3;Twitter;3
3;Reddit;3
3;Chapter 6;3
3;Sensei, Ore ni Kamawazu Itte Kudasai!!;3
3;The Hunter;3
3;Oversimplified SCP;3
3;Chapter 24;3
3;MangaDex;2
3;Titles;2
3;Updates;2
3;Search;2
3;Featured;2
3;Random;2
3;Add;2
3;Community;2
3;Groups;2
3;Users;2
3;Tumblr;2
3;IRC;2
3;Info;2
3;Stats;2
3;Rules;2
3;About;2
3;Change log;2
3;Affiliates;2
3;Guest;2
3;Log in;2
3;Sign up;2
3;Beware of the Villainess!;2
3;Chapter 32;2
3;Vol. 1 Chapter 2;2
3;Chapter 12;2
3;Chapter 29;2
3;Reaper_Scans;2
3;Chapter 147;2
3;Chapter 15;2
3;Chapter 25;2
3;Fukushuu o Koinegau Saikyou Yuusha wa, Yami no Chikara de Senmetsu Musou Suru;2
3;Chapter 20;2
3;Makikomarete Isekai Teni suru Yatsu wa, Taitei Cheat;2
3;Isekai de Tochi o Katte Noujou o Tsukurou;2
3;One Punch-Man;2
3;Komi-san wa Komyushou Desu.;2
3;Kusuriya no Hitorigoto;2
3;Gokushufudou: The Way of the House Husband;2
3;pandascepter;2
3;The Abridged Manga Thread;2
3;Life Advices from the MangaDex Community;2
3;Write a Manga Title;2
3;The Chief Kishi Mieko;2
3;Succubus-chan to Futanari Mahou;2
3;Namiuchigiwa no Muromi-san;2
3;Isekai Ojisan;2
3;Misetagari no Tsuyuno-chan;2
3;Otome Game no Hametsu Flag shika nai Akuyaku Reijou ni Tensei shite shimatta...;2
3;Hachinan tte, Sore wa Nai Deshou!;2
3;Tsugumomo;2
3;Gleipnir;2
3;Yahari Ore no Seishun Love Come wa Machigatteiru -Monologue-;2
3;No Guns Life;2
3;Tower of God;2
3;Toaru Kagaku no Railgun;2
3;Kingdom;2
3;Yesterday wo Utatte;2
3;Kakushigoto;2
3;Houkago Teibou Nisshi;2
3;Arte;2
3;Sword Art Online - Project Alicization;2
3;Waves, Listen to Me!;2
3;Shokugeki no Soma;2
3;Tamayomi;2
3;Olympic Circles;2
3;Fruits Basket Another;2
3;Shadowverse - Dengeki Comic Anthology;2
3;BanG Dream! Garupa☆PICO Comic Anthology;2
3;Digimon Adventure;2
3;Honzuki no Gekokujou ~Shisho ni Naru Tame ni wa Shudan wo Erandeiraremasen~ Dai 1-bu 「Hon ga Nai nara Tsukureba Ii!」;2
3;Jashin-chan Dropkick;2
3;Plunderer;2
3;Sakura Taisen;2
3;IDOLiSH7;2
3;Major 2nd;2
3;Hundred-Color Toolbox;2
3;Uneven Love Contract;2
3;Tunnel;2
3;The Iceblade Magician Rules Over The World;2
3;I'm the Ex-Girlfriend of a Soldier;2
3;I'll Do That Marriage;2
3;I Will Seduce The Northern Duke;2
3;Unsound Relationship;2
3;Yandere Miko-chan;2
3;Oneshot5 hrs;2
3;Tutorial;1
3;Latest updates;1
3;All;1
3;Chapter 27;1
3;A GOBLIN'S DREAM;1
3;The Grandmaster of Demonic Cultivation;1
3;Chapter 16;1
3;Lan Group;1
3;Isekai wa Smartphone to Tomo ni.;1
3;Vol. 6 Chapter 26;1
3;Mangas For You;1
3;Spicy Female Boss;1
3;Twilight Scans;1
3;Goodbye, In-law;1
3;Solace Translations;1
3;Hagure Idol Jigokuhen;1
3;Vol. 4 Chapter 27;1
3;Silence Scan;1
3;Concrete Garden;1
3;Obsession;1
3;Office Witch Falls in Love;1
3;Red Scans;1
3;Gemelli Scans;1
3;Shidenkai no Maki;1
3;Vol. 1 Chapter 3;1
3;Yuru Camp Latinoamérica;1
3;Slime Life;1
3;Vol. 4 Chapter 96;1
3;SKT;1
3;MUSHINUYUN;1
3;Vol. 3 Chapter 24;1
3;AloneSCAN;1
3;Vol. 3 Chapter 18;1
3;No Group Scanlation;1
3;The New Employee;1
3;beta scans;1
3;Tasogare Memorandum;1
3;Vol. 1 Chapter 8.2;1
3;GlassChair;1
3;All Nighter Scans;1
3;Joshikousei to Seishokusha-san;1
3;Vol. 1 Chapter 10;1
3;World Romance Translation;1
3;Nanako-san Teki na Nichijou;1
3;Vol. 1 Chapter 8;1
3;no group;1
3;Beastars;1
3;Chapter 183;1
3;cchill889;1
3;Burning Effect;1
3;Chapter 90;1
3;Gay Ops Scans;1
3;Hydrangea Cage;1
3;Vol. 1 Chapter 4;1
3;Daddy's Scans;1
3;Destined Pair? I Disagree!;1
3;Chapter 0;1
3;Haengbogku Translation;1
3;Chapter 133;1
3;Shurim's 3am Scanlations;1
3;Natural;1
3;Dayment scans;1
3;Omniscient Reader's Viewpoint;1
3;Pitagora Scan;1
3;Reverse Villain;1
3;Chapter 18;1
3;kingdomscan's;1
3;This Last Boss, the Church in Front of the Devil's Castle;1
3;Vol. 2 Chapter 6;1
3;Kami No Fansub;1
3;Hired by a Highschool Eromanga Artist;1
3;Saturn Scans;1
3;Overgeared;1
3;Kuro Gyaru-san ga Kuru!;1
3;Chapter 5;1
3;Fim do mundo traduções;1
3;Vampire Heart;1
3;Pvo subs;1
3;Gyaru Tensei ~ Isekai Seikatsu Majidarui ~;1
3;Vol. 1 Chapter 1;1
3;Ukraine_translate;1
3;Black Cat Scanlations;1
3;Enen no Shouboutai;1
3;Chapter 225;1
3;Empera No Abyss;1
3;The Moon Witch and the Sun King: My Salvation;1
3;Rumpi with Potato;1
3;The Reason Why Raeliana Ended Up at the Duke's Mansion;1
3;Chapter 97;1
3;Mumu-san.blog;1
3;The Sword of Glory;1
3;Kanojo ni Naritai Kimi to Boku;1
3;Vol. 4 Chapter 47;1
3;Hachimitsu Scans;1
3;Inso's Law;1
3;Mangasina;1
3;Positively Yours;1
3;Runnos Translations;1
3;Senpai ga Boku wo Torinikiteru;1
3;Chapter 17;1
3;Daisuki na Fansub;1
3;Itoshi no Ko, Charlotte;1
3;Dotachin Scanlator;1
3;Blood Strangers;1
3;Vol. 1 Chapter 29;1
3;Lady Amira;1
3;login;1
3;Top chapters;1
3;6h;1
3;24h;1
3;7d;1
3;Fechippuru ~Our Innocent Love~;1
3;Chapter 74;1
3;Maou Gun Saikyou no Majutsushi wa Ningen datta;1
3;Shijou Saikyou no Mahou Kenshi, F Rank Boukensha ni Tensei Suru ~ Kensei to Matei, 2 Tsu no Zense o motta Otoko no Eiyuutan;1
3;Vol. 2 Chapter 15;1
3;Dosanko Gyaru Is Mega Cute;1
3;Vol. 3 Chapter 26.9;1
3;The King of Cave Will Live a Paradise Life;1
3;Vol. 1 Chapter 3.1;1
3;Chapter 25.1;1
3;A Villain Is a Good Match for a Tyrant;1
3;Chapter 4;1
3;Karakai Jouzu no (Moto) Takagi-san;1
3;Chapter 141;1
3;Onizuka-chan and Sawarida-kun;1
3;The Ride-On King;1
3;Chapter 23;1
3;The Monster Duchess and Contract Princess;1
3;Promo;1
3;Wotaku ni Koi wa Muzukashii;1
3;Vol. 7 Chapter 50;1
3;Shingeki no Eroko-san;1
3;Vol. 3 Chapter 17;1
3;Chapter 132;1
3;Chapter 258;1
3;Mato Seihei no Slave;1
3;Chapter 39.5;1
3;Maou no Ore ga Dorei Elf wo Yome ni Shitanda ga, Dou Medereba ii?;1
3;S-Rank Monster no Behemoth Dakedo, Neko to Machigawarete Erufu Musume no Kishi (Pet) Toshite Kurashitemasu;1
3;Vol. 4 Chapter 24;1
3;Chapter 36;1
3;Chapter 13;1
3;A Story About a Grandpa and Grandma Who Returned Back to Their Youth;1
3;Chapter 33;1
3;Pseudo Harem;1
3;Vol. 5 Chapter 98;1
3;Wordpress;1
3;Reading history;1
3;log in;1
3;Rating;1
3;Solo Leveling;1
3;Tensei Shitara Slime Datta Ken;1
3;Kage no Jitsuryokusha ni Naritakute;1
3;Ijiranaide, Nagatoro-san;1
3;Kimetsu no Yaiba;1
3;Kumo Desu ga, Nani ka?;1
3;Sono Bisque Doll wa Koi wo Suru;1
3;Sousou no Frieren;1
3;Who Made Me a Princess;1
3;JoJo's Bizarre Adventure Part 7 - Steel Ball Run (Official Colored);1
3;Umarekawatte mo mata, Watashi to Kekkon shite kuremasu ka?;1
3;Akatsuki no Yona;1
3;Jumyou wo Kaitotte Moratta. Ichinen ni Tsuki, Ichimanen de.;1
3;One Piece;1
3;Dungeon Meshi;1
3;richman;1
3;vgperson;1
3;BlackGeneral;1
3;Cavans99;1
3;User1898;1
3;make an account;1
3;Path Network;1
3;sdbx.moe;1
3;MikuDex;1
3;Chapter 25 20,618;1
3;Chapter 20 18,818;1
3;Chapter 74 12,628;1
3;Chapter 8 11,670;1
3;Vol. 2 Chapter 15 11,623;1
3;Vol. 3 Chapter 26.9 11,551;1
3;Vol. 1 Chapter 3.1 9,854;1
3;Chapter 25.1 6,846;1
3;Chapter 147 6,838;1
3;Chapter 4 5,076;1
3;Chapter 15 27,658;1
3;Chapter 141 25,084;1
3;Chapter 24 22,983;1
3;Chapter 29 20,837;1
3;Chapter 23 20,660;1
3;Chapter 25 19,887;1
3;Chapter 20 17,741;1
3;Promo 16,390;1
3;Vol. 7 Chapter 50 16,382;1
3;Vol. 3 Chapter 17 16,011;1
3;Chapter 132 208,755;1
3;Chapter 258 73,853;1
3;Chapter 39.5 51,002;1
3;Chapter 24 50,609;1
3;Chapter 32 45,923;1
3;Vol. 4 Chapter 24 45,111;1
3;Chapter 36 43,105;1
3;Chapter 13 41,838;1
3;Chapter 33 41,779;1
3;Vol. 5 Chapter 98 41,671;1
3;106,576 9.27 16,778;1
3;100,055 9.27 9,218;1
3;90,663 9.14 8,093;1
3;84,540 9.11 9,291;1
3;77,681 9.27 7,669;1
3;73,853 8.96 5,976;1
3;72,691 8.55 5,749;1
3;71,966 9.03 7,188;1
3;68,885 8.93 5,290;1
3;66,524 8.90 4,609;1
3;9.31 3,698 25,590;1
3;9.29 4,360 39,902;1
3;9.28 3,926 16,599;1
3;9.28 847 10,236;1
3;9.28 1,627 20,396;1
3;9.28 7,132 23,766;1
3;9.27 7,669 77,681;1
3;9.27 4,663 41,080;1
3;9.27 3,348 38,312;1
3;9.27 4,421 44,702;1
3;Mecha Get in the robot or keep crying in the corner;1
3;Some Nigeria Prince will help you with the sponsors money, the Prince only want to know your location first.;1
3;@pandascepter (image);1
3;(image) You know, I like Soba a lot, me and him are the same, we always try our best and always miserably fail.;1
3;@richman yeee, there's some more tank art left...... wait till tomorrow okie....;1
3;Don't drink bleach.;1
3;Necro Resurrecting the dead threads is not a game for kids.;1
3;@pandascepter Sadly, the mexican army doesn't have many recognizable achievements, only a couple battles are noteworthy, and we don't have any units (other than the WW2 fighter squadron) that are famous like the Polish Winged Hussars. We do help everyone when emergency strikes, tho, and we take pride in our small victories. More tanks please!;1
3;Okay Guys, so all this will need money, a lot of money, so we will need Sponsors. I though about Kanye West, Helon Musk, and Putin. They are the wealthiest weebs I know. Also we will need an weeb deity to crown the King. I though about vgperson, the Goddess of Scanlation. If you have any better propositions...;1
3;@BlackGeneral Morally, it's forbidden. Ethically, it's a decision.;1
3;What the frick am I doing with my life...?;1
3;Very creepy.;1
3;Yes more Aomushi!!;1
3;Damn always the no resolve bitch the protagonist always was But maybe It’ll change in the next chapter. Haha have hope folks Also @Cavans99 who’s “fish” ?;1
3;@User1898 I'm here because Viz really mishandled the manga. Whoever is translating it, should be crucified.;1
3;Why is the quality so bad? Did the scans group compile the images as low size jpegs?;1
3;I’ve been waiting for this forever. Everytime I read it, it gets DROPPED! Truly underrated story;1
3;I was pleasantly surprised. Glasses everywhere, including one attractive meganekko (well, one real one at least). Lots of gaming references I actually get because Sega. Main character is exceedingly relatable (for me at least). Savagely deconstructs the isekai genre. Fuck-tons of wonderful schadenfreude. 9/10.;1
3;I rate this 10. It's my fetish.;1
3;Holy fucking shit, how the fuck did I only just now find this!?;1
3;57,953 9.03;1
3;59,584 9.19;1
3;30,928 6.88;1
3;31,762 8.43;1
3;25,918 7.91;1
3;15,150 8.66;1
3;10,319 8.53;1
3;20,660 8.90;1
3;12,000 8.70;1
3;23,157 9.23;1
3;5,554 8.15;1
3;6,391 8.57;1
3;4,723 8.47;1
3;10,891 8.98;1
3;3,659 6.23;1
3;2,486 8.10;1
3;18,552 7.25;1
3;1,841 8.09;1
3;1,103 8.03;1
3;1,939 8.02;1
3;698 7.88;1
3;690 8.14;1
3;439 7.52;1
3;31,265 8.66;1
3;9,011 7.79;1
3;16,785 7.75;1
3;488 7.83;1
3;266 7.93;1
3;1,150 8.11;1
3;Chapter 11 hr;1
3;Chapter 15 hrs;1
3;Oneshot9 hrs;1
3;Chapter 19 hrs;1
3;Oneshot3 mo;1
3;Oneshot16 days;1
3;Oneshot11 hrs;1
3;Chapter 111 hrs;1
3;© 2020 MangaDex | Path Network | sdbx.moe;1
2;[];215
2;Servants;7
2;Twitter;6
2;Quests;5
2;All Events ▶;4
2;Enemies;4
2;FGO Festival 2020 ~3rd Anniversary~ (US);3
2;Saber;3
2;Caster;3
2;Craft Essences;3
2;2.13.6;3
2;Interlude Campaign 13;2
2;All the Statesmen! ~The History of the American Frontier~ Revival (US);2
2;ARC 2 (Cosmos in the Lostbelt);2
2;Weekly Missions;2
2;1;2
2;2;2
2;3;2
2;4;2
2;5;2
2;6;2
2;7;2
2;Welcome to the Fate/Grand Order Wiki, the archive for Masters from all over the world.;2
2;WARNING: SPOILERS ABOUND! Many pages will likely contain spoilers for the games' lore and the Fate series in general! Proceed at your own risk!;2
2;Special thanks to the following:;2
2;Grand Chase Wiki;2
2;TYPE MOON Wiki;2
2;Community Central;2
2;Start a Wiki;2
2;Archer;2
2;Lancer;2
2;Rider;2
2;Assassin;2
2;Berserker;2
2;Leveling;2
2;Summoning;2
2;Command Code;2
2;Formation;2
2;Ascension Items;2
2;Passive Skills;2
2;Active Skills;2
2;Event List (US);2
2;Japanese Server;2
2;English Server;2
2;Media;2
2;Beast's Lair;2
2;Chaldeum Translations;2
2;Anime;2
2;Manga;2
2;Other Projects;2
2;Forum;2
2;Русский;2
2;Tiếng Việt;2
2;中文;2
2;here;2
2;Las Vegas Official Bout Rerun;2
2;2.1.0;2
2;Patch Updates;2
2;Major Game Updates;2
2;Contact;2
2;Want your community included? See how!;2
2;Account Security:;1
2;Comment & Discussion:;1
2;Recommended Android:;1
2;Recommended iOS:;1
2;About the Wiki;1
2;Featured TVCM;1
2;Current Game Version;1
2;Latest Updates;1
2;New Strengthening / Interlude;1
2;New Servants & Max Bond CE;1
2;New Craft Essences;1
2;New Command Codes;1
2;New Ascension Items;1
2;JRPG Games;1
2;Games;1
2;Movies;1
2;TV;1
2;Video;1
2;Explore Wikis;1
2;Sign In;1
2;Register;1
2;Fate/Grand Order Wikia;1
2;Add new page;1
2;Main Classes;1
2;Extra Classes;1
2;Shielder;1
2;Ruler;1
2;Avenger;1
2;Moon Cancer;1
2;Alter Ego;1
2;Foreigner;1
2;Beast;1
2;Noble Phantasm;1
2;Hidden;1
2;Attributes;1
2;Traits;1
2;Alignments;1
2;Bond Points;1
2;Experience Cards;1
2;Gameplay;1
2;Craft Essence List;1
2;ATK & DEF;1
2;Buff+Debuff;1
2;Command Card;1
2;Critical;1
2;HP;1
2;NP;1
2;Max Bond;1
2;MISC;1
2;Anniversary;1
2;Command Cards;1
2;Command Code List;1
2;Command Card Strengthening;1
2;Main Quests;1
2;Free Quests;1
2;Event Quests;1
2;Daily Quests;1
2;Hunting Quests;1
2;Interlude Quests;1
2;Strengthening Quests;1
2;Main Interlude Quests;1
2;Arcs;1
2;Arc 1: Observer on Timeless Temple;1
2;Arc 1.5: Epic of Remnant;1
2;Arc 2: Cosmos in the Lostbelt;1
2;Battle;1
2;Mystic Codes;1
2;Command Spell;1
2;Status Effects;1
2;Battlefield Types;1
2;Ascension;1
2;Special Ascension;1
2;Skills;1
2;Master Skills;1
2;Skill Reinforcement;1
2;Events;1
2;Event List (JP);1
2;Current: Interlude Campaign 13;1
2;TBA: F/SN HF III Premiere Commemoration Campaign;1
2;Current: FGO Festival 2020 ~3rd Anniversary~;1
2;Current: All the Statesmen! ~American Frontier History~ Revival;1
2;Story Release;1
2;JP Current: Olympus;1
2;JP Next: ???;1
2;US Current: Götterdämmerung;1
2;US Next: S I N;1
2;Interlude Campaigns;1
2;Strengthening Lists;1
2;Quick links;1
2;Fate/Grand Order JP Official Site;1
2;Fate/Grand Order USA Official Site;1
2;/r/grandorder;1
2;Fate/Grand Order -Babylonia-;1
2;Fate/Grand Order -Salomon-;1
2;Episodes;1
2;Characters;1
2;Fate/GUDAGUDA Order;1
2;Learn with Manga!;1
2;Learn More with Manga!;1
2;PV & Trailers;1
2;Most visited;1
2;Fate/Grand Order Fes. 2018 ～3rd Anniversary～;1
2;Event List;1
2;Servant List;1
2;Top users;1
2;Deyuaru;1
2;Sashimi=lol;1
2;Khanetho417;1
2;Neetohh;1
2;Necor;1
2;ShinsukeNakamura;1
2;Kyuburu;1
2;User Rankings;1
2;Wiki Activity;1
2;Random page;1
2;Community;1
2;Videos;1
2;Images;1
2;Discuss;1
2;View source;1
2;History;1
2;Talk (6);1
2;Share;1
2;Class;1
2;Strengthen;1
2;Resources;1
2;Drop Rates;1
2;Da Vinci Shop;1
2;Master;1
2;Mystic Code;1
2;Master Mission;1
2;Present;1
2;Options;1
2;Acc. Recovery;1
2;Player's Guide;1
2;Bond;1
2;Costume Dress;1
2;My Room;1
2;Error MSGs;1
2;UPDATE NOTES;1
2;STYLE GUIDE;1
2;COMMUNITY;1
2;bind your account;1
2;Discord;1
2;JP;1
2;EN;1
2;Cosmos in the Lostbelt;1
2;Gems, Magic Gems, Secret Gems;1
2;Pieces or Monuments;1
2;5,753 articles;1
2;Rules & Guidelines;1
2;Recent Changes;1
2;Admins;1
2;Mods;1
2;Project Pages;1
2;Discussion;1
2;Recent Blogs;1
2;Kyte;1
2;Kazemai;1
2;Mooncell;1
2;JP FGO atwiki;1
2;JP FGO kamigame;1
2;Master of Chaos;1
2;kairosity;1
2;F/GO reddit;1
2;Scheduled Maintenance;1
2;Strengthening;1
2;Interlude;1
2;Max Bond CE;1
2;Command Codes;1
2;7th Dragon;1
2;Agarest War;1
2;Atelier;1
2;Blade and Soul;1
2;Blue Dragon;1
2;Breath of Fire;1
2;Chrono;1
2;Custom Robo;1
2;Dark Cloud;1
2;Dinosaur King;1
2;Disgaea;1
2;Dragon Quest;1
2;Drakengard;1
2;EarthBound;1
2;Etrian Odyssey;1
2;Exist Archive;1
2;Fairy Fencer F;1
2;Fate/Grand Order;1
2;Final Fantasy;1
2;Freedom Wars;1
2;Golden Sun;1
2;Granblue Fantasy;1
2;Grandia;1
2;Hyperdimension Neptunia;1
2;Keitai Denjuu Telefang;1
2;Kingdom Hearts;1
2;Legend of Heroes;1
2;Live A Live;1
2;Nier;1
2;Mana / Seiken Densetsu;1
2;Megami Tensei;1
2;Mugen Souls;1
2;Nights of Azure;1
2;Odin Sphere;1
2;Omega Quintet;1
2;Paper Mario;1
2;Parasite Eve;1
2;Phantasy Star;1
2;Pokémon;1
2;Radiant Historia;1
2;Radiata Stories;1
2;SaGa;1
2;Skies of Arcadia;1
2;Star Ocean;1
2;Suikoden;1
2;Tales;1
2;Tokyo Xanadu;1
2;Valkyria Chronicles;1
2;Valkyrie Anatomia;1
2;Valkyrie Profile;1
2;The World Ends With You;1
2;Xenoblade;1
2;Xenosaga;1
2;Yo-Kai Watch;1
2;Ys;1
2;See how!;1
2;https://fategrandorder.fandom.com/wiki/Fate/Grand_Order_Wikia?oldid=834539;1
2;Categories;1
2;Main Story;1
2;Arc 1;1
2;Arc 1.5;1
2;Arc 2;1
2;Missions;1
2;Master Missions;1
2;Browse;1
2;Main Page;1
2;CC-BY-SA;1
2;1 Fate/Grand Order Fes. 2018 ～3rd Anniversary～;1
2;2 Event List;1
2;3 Saber;1
2;Gossip Girl Wiki;1
2;Britney Spears Wiki;1
2;Universal Conquest Wiki;1
2;Fandom;1
2;Gamepedia;1
2;D&D Beyond;1
2;Muthead;1
2;Futhead;1
2;About;1
2;Careers;1
2;Press;1
2;Terms of Use;1
2;Privacy Policy;1
2;Global Sitemap;1
2;Local Sitemap;1
2;Support;1
2;Help;1
2;Do Not Sell My Info;1
2;Media Kit;1
2;View Mobile Site;1
2;JokeyPsych;1
2;EndgameHonest;1
2;GalaxyQuest;1
2;Interlude Campaign 13 All Events ▶;1
2;FGO Festival 2020 ~3rd Anniversary~ (US) All the Statesmen! ~The History of the American Frontier~ Revival (US) All Events ▶;1
2;Weekly Missions 07/06/2020 ~ 07/12/2020 NO. Mission Reward 1 Complete all of this week's Master Missions x3x3 2 Summon using 30 times x3x3 3 Defeat 15 Saber or Rider-class enemies x3x3 4 Defeat 15 Lancer, Assassin or Berserker-class enemies x3x3 5 Defeat 15 Archer or Caster-class enemies x3x3 6 Clear 5 Quests x3x3 7 Clear 10 Quests x3x3 07/05/2020 ~ 07/12/2020 NO. Mission Reward 1 Complete all of this week's Master Missions x3x3 2 Perform 3030 Summons x3x3 3 Defeat 5 Servants x3x3 4 Defeat 10 Servants x3x3 5 Defeat 20 Enemies (excluding Servants and certain bosses) x3x3 6 Defeat 40 Enemies (excluding Servants and certain bosses) x3x3 7 Acquire 3 Gems, Magic Gems, Secret Gems, Pieces or Monuments through battles x3x3;1
2;07/06/2020 ~ 07/12/2020 NO. Mission Reward 1 Complete all of this week's Master Missions x3x3 2 Summon using 30 times x3x3 3 Defeat 15 Saber or Rider-class enemies x3x3 4 Defeat 15 Lancer, Assassin or Berserker-class enemies x3x3 5 Defeat 15 Archer or Caster-class enemies x3x3 6 Clear 5 Quests x3x3 7 Clear 10 Quests x3x3;1
2;07/05/2020 ~ 07/12/2020 NO. Mission Reward 1 Complete all of this week's Master Missions x3x3 2 Perform 3030 Summons x3x3 3 Defeat 5 Servants x3x3 4 Defeat 10 Servants x3x3 5 Defeat 20 Enemies (excluding Servants and certain bosses) x3x3 6 Defeat 40 Enemies (excluding Servants and certain bosses) x3x3 7 Acquire 3 Gems, Magic Gems, Secret Gems, Pieces or Monuments through battles x3x3;1
2;5,753 articles since August 4, 2015;1
2;This wiki provides the latest information for both Japanese and English versions of the Fate/Grand Order mobile game.;1
2;Visit Community hub here, if you are interested in helping contribute to the Fate/Grand Order Wiki on a consistent basis with other experienced editors.;1
2;If you're interested on helping add character and enemy sprites. visit this page to see any missing sprites that the wiki doesn't have, here.;1
2;復刻 見参！ラスベガス御前試合 水着剣豪七色勝負！告知CM;1
2;7th Dragon • Agarest War • Atelier • Blade and Soul • Blue Dragon • Breath of Fire • Chrono • Custom Robo • Dark Cloud • Dinosaur King • Disgaea • Dragon Quest • Drakengard • EarthBound • Etrian Odyssey • Exist Archive • Fairy Fencer F • Fate/Grand Order • Final Fantasy • Freedom Wars • Golden Sun • Granblue Fantasy • Grandia • Hyperdimension Neptunia • Keitai Denjuu Telefang • Kingdom Hearts • Legend of Heroes • Live A Live • Nier • Mana / Seiken Densetsu • Megami Tensei • Mugen Souls • Nights of Azure • Odin Sphere • Omega Quintet • Paper Mario • Parasite Eve • Phantasy Star • Pokémon • Radiant Historia • Radiata Stories • SaGa • Skies of Arcadia • Star Ocean • Suikoden • Tales • Tokyo Xanadu • Valkyria Chronicles • Valkyrie Anatomia • Valkyrie Profile • The World Ends With You • Xenoblade • Xenosaga • Yo-Kai Watch • Ys;1
2;Friendly reminder that this game is a fictional work, and has no relation to anything happening in the real world.;1
1;\ue86c;156
1;[];80
1;Kanra;35
1;Kochan;23
1;Ayato;3
1;Lord;3
1;\ue5d2;2
1;call_split;2
1;search;2
1;Shinra;2
1;Peppo;2
1;Black Clover – Episódio 133 (HD);2
1;Shingen;2
1;The God of High School – Episódio 1 (HD);2
1;Sama;2
1;Boruto: Naruto Next Generations – Episódio 155 (HD);2
1;One Piece – Episódio 931 (HD);2
1;Maou Gakuin no Futekigousha: Shijou Saikyou no Maou no Shiso, Tensei shite Shison-tachi no Gakkou e – Episódio 1 (HD);2
1;Masaomi;2
1;Lapis Re:LiGHTs – Episódio 1 (HD);2
1;Monster Musume no Oishasan – Episódio 1 (HD);2
1;Enen no Shouboutai: Ni no Shou – Episódio 1 (HD);2
1;Dokyuu Hentai HxEros – Episódio 1 (HD);2
1;Ahiru no Sora – Episódio 37 (HD);2
1;arrow_forward_ios;2
1;arrow_drop_up;2
1;\ue88a Home;1
1;\ue038 Animes;1
1;movie_filter Filmes;1
1;library_books Mangás Online;1
1;hourglass_emptyHistórico;1
1;favoriteFavoritos HOT;1
1;\ue8efCalendário;1
1;whatshotDiscord;1
1;warningDMCA;1
1;Fruits Basket 2nd Season;1
1;Shironeko Project: Zero Chronicle;1
1;Jashin-chan Dropkick 2nd Season;1
1;A3! Season Spring & Summer;1
1;Black Clover;1
1;Shadowverse (TV);1
1;Houkago Teibou Nisshi;1
1;Appare-Ranman!;1
1;Tamayomi;1
1;Plunderer;1
1;Kakushigoto (TV);1
1;Hachi-nan tte, Sore wa Nai deshou!;1
1;Fugou Keiji: Balance:Unlimited;1
1;Gundam Build Divers Re:Rise 2nd Season;1
1;Shin Sakura Taisen the Animation;1
1;Bungou to Alchemist: Shinpan no Haguruma;1
1;Listeners;1
1;Zashiki Warashi no Tatami-chan;1
1;Major 2nd (TV) 2nd Season;1
1;Otome Game no Hametsu Flag shika Nai Akuyaku Reijou ni Tensei shiteshimatta...;1
1;Yesterday wo Utatte;1
1;Honzuki no Gekokujou: Shisho ni Naru Tame ni wa Shudan wo Erandeiraremasen 2nd Season;1
1;Digimon Adventure:;1
1;One Piece;1
1;Gal to Kyouryuu;1
1;Arte;1
1;Sol Levante;1
1;Nami yo Kiitekure;1
1;Boruto: Naruto Next Generations;1
1;Tsugu Tsugumomo;1
1;Kingdom 3rd Season;1
1;Gleipnir;1
1;Yu-Gi-Oh!: Sevens;1
1;Shachou, Battle no Jikan Desu!;1
1;Muhyo to Rouji no Mahouritsu Soudan Jimusho 2nd Season – Episódio 1 (HD);1
1;Shadowverse (TV) – Episódio 13 (HD);1
1;Umayon – Episódio 1 (HD);1
1;Great Pretender – Episódio 10 (HD);1
1;Shizuo;1
1;Fruits Basket 2nd Season – Episódio 14 (HD);1
1;Akihito;1
1;Pokemon (2019) – Episódio 27 (HD);1
1;Quanzhi Fashi 4th Season – Episódio 6 (HD);1
1;Sakura;1
1;Quanzhi Fashi 4th Season – Episódio 5 (HD);1
1;Hitori no Shita: The Outcast 3rd Season – Episódio 6 (HD);1
1;Healin’ Good♡Precure – Episódio 14 (HD);1
1;Digimon Adventure: – Episódio 5 (HD);1
1;Ruphi;1
1;Bungou to Alchemist: Shinpan no Haguruma – Episódio 8 (HD);1
1;Great Pretender – Episódio 9 (HD);1
1;Great Pretender – Episódio 8 (HD);1
1;Senshi;1
1;Initial D Fifth Stage – Episódio 1 – episódio 1;1
1;One Punch Man 2nd Season – Episódio 9 (HD) – O Dilema Supremo;1
1;Fairy Tail – Episódio 185;1
1;Shingeki no Kyojin Season 3 Part 2 – Episódio 6 (HD) – Sol da Meia-Noite;1
1;Jashin-chan Dropkick – Episódio 1;1
1;Kimetsu no Yaiba – Episódio 1 (HD);1
1;Shingeki no Kyojin Season 3 Part 2 – Episódio 7 (HD) – Porão;1
1;Dr. Stone – Episódio 18 (HD);1
1;Kimetsu no Yaiba – Episódio 3 (FULL HD) – Sabito e Makomo;1
1;Given – Episódio 11 (HD);1
1;\ue8b6;1
1;\ue88a;1
1;\ue038;1
1;movie_filter;1
1;library_books;1
1;hourglass_empty;1
1;favorite;1
1;\ue8ef;1
1;whatshot;1
1;warning;1
1;Desenvolvido por Kanra.;1
